Id,Count
w_f48451c,14
w_c3d896a,4
w_20df2c5,4
new_whale,9664
w_dd88965,16
w_64404ac,5
w_a6f9d33,2
w_581ba42,14
w_cb622a2,5
w_d3b46e7,2
w_8cad422,6
w_13ae3d4,3
w_3de579a,54
w_1d0830e,11
w_2ba6978,2
w_8dddbee,2
w_2365d55,29
w_3879fa0,17
w_9c506f6,62
w_8a6a8d5,17
w_662530e,9
w_a8b34a0,16
w_c0d11da,15
w_50e8d58,7
w_3881f28,2
w_9ad3551,4
w_cee684e,3
w_41d24c6,7
w_8a235b6,2
w_2e231f4,3
w_6822dbc,36
w_df86a42,4
w_700ebb4,57
w_d892cd9,8
w_7a4b2f9,2
w_bc285a6,21
w_c70fbcd,3
w_778e474,40
w_f3252ff,6
w_2df85e7,16
w_c7cda47,2
w_62bb54b,1
w_c6c89db,6
w_1531bf5,6
w_4e1e04d,2
w_d6ca28d,3
w_1260eb5,5
w_fccccec,14
w_acd217a,2
w_5650932,10
w_c98aaad,4
w_dd944b7,11
w_6f0cbe3,11
w_6cfa650,8
w_6e209a8,13
w_1ea5d96,2
w_914b110,5
w_bf33ddf,1
w_0369a5c,61
w_13c9a17,3
w_3ff114c,6
w_c896384,3
w_a9304b9,37
w_48fa708,3
w_b44e89d,9
w_b7e3a9f,2
w_691b684,5
w_8be8406,1
w_4516d31,11
w_dd00c66,1
w_396c12b,11
w_03270e3,2
w_fbc7895,9
w_5597026,21
w_8a71ca4,2
w_a8c2847,9
w_9739508,6
w_ac97190,5
w_ddb62c2,7
w_13c1b55,10
w_5a9abcf,6
w_7571b52,3
w_40a8585,14
w_71af602,2
w_6189444,7
w_deacb11,1
w_9769f0b,2
w_f74a89e,16
w_263bd97,3
w_f1cd92c,1
w_688590b,3
w_77150d0,2
w_08630fd,31
w_89f521e,9
w_0ee9ae5,3
w_12e7c23,3
w_d6283ba,3
w_c8bbb43,10
w_191bce3,14
w_f793b1f,6
w_a491df7,1
w_0b1e4a6,16
w_e6450bc,10
w_4846b27,12
w_2e374c0,12
w_3e4b155,4
w_89f6097,17
w_7e56d66,9
w_c875e45,15
w_249346b,2
w_f0eddab,15
w_4f3cebf,2
w_a6df3a5,2
w_edce644,14
w_91b96c1,2
w_d9a3c6e,8
w_d0bfef3,10
w_d4211d9,1
w_59052ad,29
w_0513962,2
w_05b4b0c,3
w_5833b3d,1
w_e08506c,6
w_5bac7bb,2
w_b5c90a5,1
w_1ca9ab1,34
w_8d0d921,1
w_7e579dd,15
w_488865e,22
w_8b8dca8,7
w_f0fe284,45
w_f459442,6
w_0a155b9,24
w_e04d084,5
w_f6b8ccb,4
w_7038727,2
w_13250ab,2
w_4214909,3
w_26e4f44,1
w_4c614f3,2
w_73282ec,5
w_d6f0be4,7
w_cf31c86,1
w_2964e0b,9
w_90c9763,20
w_c379d78,1
w_2e4af64,1
w_1423c1f,2
w_5065c2b,1
w_8507818,3
w_072f593,2
w_0189b6d,10
w_ee2326a,2
w_f276da3,6
w_2b47174,3
w_55e0064,1
w_b70c09f,3
w_ed1df50,4
w_91037a7,4
w_c8d5ad5,11
w_d72771c,32
w_b3196aa,6
w_fd9d727,1
w_51e7506,15
w_e47e686,2
w_5f20f03,9
w_23a388d,73
w_329c19c,3
w_83869d3,2
w_d405854,47
w_2f5caa9,2
w_e42007e,3
w_4ff2f4a,8
w_10eece8,1
w_b3cde16,7
w_9573686,5
w_cda3971,12
w_0bd39c1,2
w_4175cb7,1
w_065ee1b,4
w_3f7d5f5,8
w_715ceba,1
w_c144f80,2
w_025911c,19
w_bc677de,8
w_8b1f4be,2
w_f7d8d22,3
w_760c469,7
w_814a1cc,2
w_ce4d993,2
w_65dadc8,1
w_b8a7ee7,5
w_9cc2c36,4
w_23e1d57,6
w_ce67c4c,2
w_f8c22dc,7
w_3f22dc6,5
w_dee1053,17
w_9af432a,2
w_bb2c919,12
w_6c09f7f,4
w_cbb15d2,11
w_ae53e45,2
w_0cfdaa5,8
w_91cc02c,25
w_d006897,2
w_8443156,2
w_edf43c1,6
w_328e490,1
w_d240f68,1
w_0b398b2,9
w_f1d2902,1
w_ec4299b,2
w_78bfd01,1
w_31d1d50,1
w_a32898d,2
w_dfbf100,2
w_8da30ad,22
w_7e9ae57,2
w_691f2f6,8
w_ac2df91,2
w_ac26398,1
w_f70c302,4
w_fa7cd91,4
w_6c0cdb1,3
w_68c4ecf,8
w_00b3dc2,1
w_62e16d6,1
w_f2f7550,2
w_4dac709,3
w_234713b,17
w_a87ec7e,2
w_e0a42ad,1
w_178144f,1
w_d6907f5,3
w_0e7ec27,2
w_daeba33,2
w_b1461a9,2
w_68ed1f9,3
w_78e229f,5
w_302799d,3
w_564a34b,51
w_66e3287,1
w_99af1a9,4
w_4690940,14
w_85b252c,2
w_66b4513,2
w_b4396ae,6
w_fdc6e6d,3
w_45e2fc0,3
w_5e8e218,40
w_8f4d879,6
w_c0f1e04,6
w_d14059c,3
w_9f13096,11
w_8799716,9
w_cb9f118,3
w_b992a50,1
w_8193215,7
w_9eccb4c,3
w_5cf4727,2
w_f19aeb4,2
w_3bd976e,4
w_8431ae8,8
w_1c2e409,2
w_9b5109b,65
w_a5e6557,3
w_dc662ea,6
w_d0475b2,10
w_bbfce38,8
w_76d1f84,2
w_b3ca4b7,16
w_40a6c9c,4
w_736cca3,3
w_61e4690,2
w_68311ed,1
w_f2075ef,4
w_56d38d8,2
w_888391a,4
w_42b0064,2
w_11ff425,10
w_76f4d0b,3
w_6e51c06,4
w_bc7de9f,9
w_96985c1,6
w_99383ac,2
w_6caff0f,27
w_53feb91,17
w_37d2f3a,12
w_cefd512,7
w_c7a611a,5
w_939423d,13
w_9748a78,5
w_0135f5f,23
w_02d138d,4
w_57abc0f,6
w_18f9d19,3
w_b128587,15
w_3e34a5f,1
w_c25d2d1,19
w_ac5aa34,5
w_c0e2505,7
w_b6ddd17,1
w_203042e,1
w_902f8b0,4
w_27b7295,11
w_714f89f,6
w_ba62b79,1
w_4eb6bcc,4
w_2d7c2dd,3
w_4ab3420,11
w_b938e96,15
w_eae91de,1
w_17c9df5,2
w_c2397a4,4
w_cac9bdb,8
w_01cbbbd,9
w_a059841,10
w_45c3ea2,2
w_91f13fe,1
w_bf41c21,10
w_fec331a,11
w_21bb5bd,3
w_c6a96e1,3
w_c27588a,6
w_6823268,1
w_5083a58,2
w_b420d45,2
w_18934ab,4
w_6b2a111,3
w_2a946f2,2
w_b5c3634,2
w_335a58c,3
w_91cdea4,3
w_5d5c6a6,15
w_ba4f96c,8
w_5fe949c,2
w_67a9841,17
w_391ef09,1
w_6d527ff,1
w_a0f456b,2
w_8b86b95,15
w_24d3109,2
w_93ef4fa,3
w_2df1d85,1
w_d89acf0,1
w_aa32f70,12
w_14ece76,6
w_ec16cc4,9
w_3108dce,7
w_db3cfa4,6
w_6cca536,2
w_f37c434,3
w_1afff3f,1
w_729290b,4
w_0a7a37c,5
w_f408b56,8
w_861e504,8
w_da40b39,4
w_0cbf1b3,12
w_5808373,4
w_7c60e77,3
w_a10e633,9
w_150a6f5,3
w_0531ad5,7
w_43312c4,1
w_24ca106,3
w_925bdf6,1
w_75ec7c1,2
w_0abdaf4,10
w_c3bed1a,4
w_4a28f21,13
w_fdd3687,11
w_a0fcfc1,2
w_4fdff73,9
w_3949bd6,1
w_52a5d92,2
w_6525e6b,9
w_50fd107,11
w_db68456,18
w_34434d1,2
w_4bf625b,20
w_0655a0d,4
w_9ca67be,3
w_5773c71,23
w_91005b3,2
w_c25deb9,3
w_5841fb9,8
w_611e69e,1
w_a743e09,9
w_2b65b34,13
w_83b2336,11
w_f829227,12
w_0655608,3
w_a190a88,13
w_fd906cc,10
w_f765256,34
w_692734c,4
w_28a16b0,5
w_6fd8b4b,2
w_4b4f9b7,2
w_7ab2120,3
w_7478938,2
w_72f5c64,2
w_5bd26de,2
w_b71ac68,16
w_d0b330d,4
w_abf0b13,2
w_d140497,2
w_20ad973,1
w_94a0d4e,1
w_88bb921,4
w_e99e430,5
w_2fc775e,2
w_60ce6fc,37
w_ba9804a,4
w_fd3e556,50
w_b4e9da5,2
w_efa100e,6
w_66c5323,1
w_171dc55,5
w_4441671,9
w_b9e5911,24
w_e906edd,20
w_3d88ad4,1
w_e45491e,2
w_32015c2,2
w_1788910,6
w_eaa4d20,3
w_7cb0e92,5
w_553d1ef,8
w_04ebfe8,2
w_6cda039,31
w_aabdf8c,15
w_0886321,6
w_452d137,2
w_0a6c4c7,1
w_8a10a82,1
w_ae24bd1,2
w_ab2ac77,14
w_aee1ccf,6
w_2c3768d,2
w_0fdf741,17
w_673ff5b,2
w_e3956f5,7
w_8f0c6ed,8
w_b99f945,6
w_04003e9,30
w_bfcad53,25
w_04713fd,4
w_2b4b82e,13
w_3eae264,11
w_9be7408,2
w_abeab1e,1
w_c5bb7bb,3
w_7e2eb3d,18
w_1f6de0b,1
w_1cb0ffc,1
w_689e1cd,2
w_6f7611c,8
w_e9cf335,8
w_5c51475,9
w_3224f68,3
w_80d945b,3
w_34ecf36,18
w_4c206e7,9
w_c16cb2c,14
w_bcf69e9,2
w_dc27ce9,4
w_4d06559,2
w_d588fb4,14
w_8ea9f68,7
w_fc0cb69,5
w_f06439d,3
w_01f14e1,6
w_2b979e6,1
w_c563492,5
w_104d305,2
w_95c7a6f,3
w_1417bc8,4
w_53215c6,14
w_ea6a9f4,3
w_15e7de5,2
w_b20b425,4
w_939a97b,5
w_054162a,2
w_ef83760,21
w_0f56fb2,6
w_3b955d1,2
w_decd606,1
w_e36fb17,2
w_e6c320e,2
w_16dfac7,7
w_c6fe966,16
w_662c89b,2
w_0d5a672,2
w_6e8c101,1
w_acf8fd1,1
w_4e13e82,5
w_6f9f759,4
w_fe8e55c,1
w_6ed6320,2
w_88e4537,49
w_e3582ac,4
w_1b7eaad,8
w_8a06b46,3
w_52db74a,1
w_f75ed58,7
w_456646a,9
w_1133530,5
w_611d18b,6
w_fe95c92,1
w_455bc02,3
w_6fed7c4,1
w_315c854,2
w_477f7b1,1
w_92f64ee,2
w_146208a,1
w_8af65ed,4
w_c684a38,9
w_840061a,4
w_9d29561,7
w_985d205,6
w_49afbc9,3
w_dea40e2,14
w_ddff916,4
w_c4b02b0,8
w_fad9574,4
w_a2158b8,5
w_7b098ce,6
w_dbf7f76,1
w_5c083e6,2
w_b51a226,3
w_615a631,2
w_58afeb2,8
w_6e6307e,15
w_fb98d50,2
w_16df050,17
w_576026e,3
w_551f361,10
w_367832c,2
w_fe881f2,9
w_df5bf3d,9
w_698fcbe,16
w_2ca9282,1
w_a1a4bb2,3
w_584e1dc,9
w_72afa97,1
w_5b227ec,8
w_13c8177,4
w_7ac28dd,1
w_3c4f583,1
w_dfb57cc,1
w_2f67f0a,7
w_336e046,5
w_10f67bb,5
w_1554173,3
w_27597ff,24
w_11d8c70,6
w_e2a09d4,21
w_de03861,3
w_a283c8c,4
w_1a96d7b,2
w_bf960fa,13
w_32eaf54,1
w_d829778,2
w_d066c0a,12
w_98e83cc,2
w_e21b629,3
w_412b5ad,4
w_343f088,40
w_8ae65ef,1
w_19f507e,7
w_47996c6,3
w_9a91c1e,10
w_ec77506,1
w_d7b6f17,6
w_ab44c81,4
w_3263e72,1
w_4ea4f59,9
w_1e85eea,10
w_180e241,5
w_8e92662,7
w_c3e88ae,2
w_8d71480,5
w_954fec8,3
w_6e0a45b,8
w_b86917d,4
w_d215a68,1
w_f47f214,3
w_e936b45,4
w_cb856e6,3
w_01e1fe0,1
w_f314516,4
w_f011b98,1
w_92c4ea5,1
w_f9a9dec,3
w_abb3ee6,1
w_990921b,24
w_ebb99e5,1
w_ddf876d,3
w_394165d,4
w_0a4f5c9,1
w_48aa237,7
w_7c5b20d,3
w_9c08fc2,1
w_c562eba,1
w_2b50adf,3
w_8aae94b,1
w_5e63553,2
w_222ba28,2
w_4e9b3a3,1
w_71d5ba2,11
w_f84e6e1,2
w_21f1129,1
w_99d1f45,1
w_c9628f2,1
w_562b227,2
w_c6b4d61,17
w_57a546c,3
w_de09116,1
w_62c78f3,14
w_41a2f20,3
w_e5978cf,10
w_25085e0,7
w_30f2f0f,12
w_45246db,10
w_6b9af3a,2
w_7a97301,1
w_7087c88,2
w_9ba6731,1
w_af367c3,35
w_4130233,9
w_28589bc,4
w_5072c08,1
w_bd4e5dd,4
w_abfccb7,2
w_b60e861,1
w_08d62ee,10
w_5665c80,5
w_1032fa3,4
w_95c932d,3
w_984bb5c,2
w_3f5e8d7,1
w_6aab519,7
w_26aeb61,1
w_b3b887d,1
w_0718183,9
w_07cc9c2,3
w_659bdb8,19
w_e966f36,16
w_f602022,12
w_7d8c37c,5
w_f4af291,1
w_6ebed02,5
w_cef693e,4
w_2df37cc,6
w_286d2cc,2
w_fbcfe1a,3
w_a0265bd,2
w_fcdda4c,1
w_07125ed,4
w_9593412,1
w_d6d89ed,6
w_3a333ae,1
w_5645ed1,9
w_f35e494,5
w_bece5a4,2
w_88e4cbf,1
w_b397217,5
w_90abfeb,6
w_00904a7,11
w_49ee8e0,1
w_3815890,21
w_a586dce,10
w_bdfd856,1
w_45df6b0,2
w_5a3cd6d,3
w_093d284,5
w_f7234f1,1
w_9732911,3
w_dc642b6,2
w_836581c,4
w_d6d2e4f,1
w_a2f8488,10
w_df34804,3
w_34afc43,2
w_aa3489d,4
w_2694603,2
w_0a87ea4,5
w_12e8dc7,2
w_adedd1f,4
w_5510cf3,5
w_f9707a7,1
w_1666216,2
w_416168a,2
w_4344f5e,4
w_d5e0aba,1
w_f6c5343,17
w_fb3959d,3
w_352445a,2
w_ee318d3,1
w_f66ec54,11
w_5821157,7
w_fccac74,3
w_b3cfa1d,6
w_3b03149,15
w_9fc06d4,8
w_61b9586,6
w_522e959,1
w_8fd3810,3
w_3cb4838,2
w_ee2a1e0,2
w_ac2c28e,11
w_c01c1f4,17
w_789c969,45
w_ec7f1b3,3
w_733f661,17
w_91dd720,2
w_aa0dacc,12
w_1f7c696,5
w_6c2aa5f,1
w_749dffd,5
w_0f25e3c,1
w_25e04d9,1
w_5591cd8,1
w_f648d33,7
w_e6d46e4,2
w_b9d5945,10
w_0f0f15c,2
w_f1d2222,2
w_8b61e65,1
w_0b3e0e6,3
w_4df6c4b,1
w_e64d9d1,1
w_982f0b3,1
w_c85ff1e,6
w_9da1811,21
w_17b0d3a,33
w_857cb95,6
w_13aa123,12
w_274d994,7
w_6ae4956,5
w_7ca2a9b,1
w_d9d1e17,2
w_f437f82,8
w_53276a1,3
w_d49d4d7,2
w_9de2647,1
w_5325f8a,2
w_be4f189,13
w_ea7bbc6,1
w_d64c2ec,1
w_2f1488c,10
w_37e61c2,6
w_274397d,2
w_9e18daa,1
w_ad6a6ca,4
w_e0b6a42,1
w_789e0e6,1
w_f4e69f1,3
w_8f1069a,12
w_f61b957,22
w_26c0ffd,15
w_5031cac,1
w_0f466a5,6
w_ac0f6c4,3
w_c158581,5
w_60cf87c,22
w_446a02d,10
w_7a91862,4
w_3ec7fa2,6
w_dc23fbc,5
w_e21819b,2
w_fec5547,4
w_a48fa24,1
w_6643fe8,2
w_4776fc5,3
w_1f0cf0a,18
w_98fc82f,2
w_69c06ad,8
w_4516ff1,21
w_650f587,3
w_f4f3715,1
w_8340caf,2
w_1e283bb,4
w_9b69214,6
w_e568f47,2
w_686c0b3,1
w_685d7a7,1
w_066ddc5,5
w_3e59d84,1
w_f08fb81,3
w_dfe485f,3
w_9b3076d,7
w_df81c5d,2
w_4a8a4c9,2
w_4d61be5,1
w_a33d1c0,1
w_cc00be9,2
w_00656c0,2
w_dd677ef,1
w_9142b9c,2
w_8a1786f,9
w_748290a,7
w_6d8b67b,2
w_7ba6d48,5
w_27a6304,9
w_c10fcb2,3
w_e014c37,1
w_b26e855,1
w_21b2790,6
w_2d6596f,7
w_072179d,1
w_26f7c39,3
w_7fcf284,1
w_94595ec,1
w_0637181,3
w_a7d01cb,2
w_420dafb,1
w_0a84ac5,2
w_89f0c48,2
w_1f1cee1,10
w_63ea6fd,3
w_f01ade6,2
w_b4841bd,2
w_0c5f019,5
w_4678fbb,3
w_c7a8a7f,1
w_7d34a32,1
w_df32eec,13
w_e19c1d6,4
w_3a34d6f,4
w_94e8c02,2
w_cd99382,4
w_2e4cb98,7
w_9957aed,2
w_e329a65,1
w_38de45d,6
w_4fa0ba1,3
w_fbebe60,1
w_981075b,1
w_acba807,4
w_593949b,4
w_7432816,5
w_4c18cce,2
w_aaf3463,4
w_b0446cd,1
w_d395243,3
w_5482351,3
w_f39c242,1
w_7d6527e,5
w_7d8c36f,2
w_9a9a2c8,8
w_b6ad668,3
w_9032a74,7
w_cd4cb49,24
w_e4d305b,3
w_494c72d,3
w_15d12c7,1
w_074530d,2
w_78e6713,1
w_c734fa4,6
w_022b708,10
w_9a5bb2d,3
w_f3d2e31,4
w_ee57fc5,2
w_d77337e,2
w_4b143db,2
w_7aea0b8,10
w_7d44896,19
w_5d1b1a7,9
w_3aa8e97,2
w_f7cd240,12
w_8c25681,31
w_bde88d5,1
w_a6a732d,13
w_8f38839,3
w_7c77c5c,12
w_3057209,9
w_0f4d4ac,2
w_5b3289c,2
w_519a081,2
w_8cb5e04,3
w_dc56028,3
w_34120de,11
w_4cf5e29,3
w_ec4bcf9,4
w_2059146,2
w_fd6a3ad,30
w_ed07656,1
w_f3179b3,1
w_45e277d,3
w_8cbe62a,2
w_9adf29b,2
w_2812e0d,3
w_5390260,3
w_28218e1,7
w_12cc52d,17
w_26923f7,1
w_06619ff,2
w_264c2e1,2
w_a8d89df,4
w_f3b6937,1
w_3209f9e,2
w_8b943ef,2
w_81aa796,1
w_ebfbdda,1
w_0ad1734,1
w_f91aeec,2
w_966f46a,3
w_3bf2653,9
w_bef0a5d,5
w_36bbd71,17
w_8f65356,1
w_b524f96,3
w_8cfabed,6
w_cd2d796,1
w_ec98537,4
w_cded134,2
w_b48de8c,2
w_4801beb,5
w_9f2cfff,3
w_491bdcb,1
w_e19a641,8
w_588f349,4
w_7122684,2
w_955bfe2,10
w_1932830,2
w_68eaf36,6
w_abd456f,4
w_b3cc7b3,11
w_3f213d5,1
w_c6b05f1,2
w_ae8982d,12
w_9287505,4
w_0887d9b,14
w_6fce84d,8
w_ab7c369,20
w_d2b7856,1
w_a6d6964,3
w_5a2634c,37
w_9d86594,16
w_0714a46,3
w_57db059,10
w_e27bbf6,19
w_98cc97d,4
w_98a87a6,2
w_84c23bb,2
w_53d6a5e,1
w_98f2705,9
w_928ec6c,1
w_e6325d7,3
w_12fdac7,5
w_5bf792a,6
w_51fc1fc,30
w_4312b77,3
w_1efbb8e,4
w_53ce2e1,4
w_14b1427,4
w_73d71d2,11
w_10f3b75,2
w_e4b4611,2
w_c014421,1
w_c1d2d7f,2
w_d1207d9,3
w_553d3d0,4
w_bcba9e8,3
w_c5260b8,9
w_8c959a6,4
w_b02ac52,6
w_02545ea,2
w_6cb7724,2
w_b35b19d,3
w_1fe6c6e,2
w_88aca21,5
w_a88f2c1,8
w_b535cbd,1
w_28c330c,10
w_27272a5,3
w_4fadedd,6
w_2ec0a71,4
w_84d832d,2
w_b2606f3,3
w_916c746,1
w_ab44ae4,9
w_21a7dac,1
w_57acd97,6
w_a76f0b7,1
w_85d9229,6
w_2645f4d,7
w_cf25b84,2
w_f64d347,3
w_cb0aaf0,4
w_a548534,1
w_81d4bd6,7
w_6a1280c,5
w_185bc11,1
w_817d53c,7
w_b330c85,7
w_6dc5981,1
w_e819d10,3
w_80f481f,6
w_9353e7c,5
w_0df7caf,3
w_ec64e27,2
w_4dcc907,1
w_414d441,2
w_ce8906f,1
w_fbfe96b,6
w_afcf807,2
w_bb4f52e,7
w_591a2c5,15
w_06a10b4,6
w_3214120,1
w_ae393cd,17
w_fb9392c,1
w_68465c0,1
w_4661aac,2
w_5010896,4
w_1e1e5d9,3
w_7cd0b86,1
w_fc83ab4,4
w_4e87672,2
w_14330a0,12
w_e2372d6,18
w_bfe77d0,20
w_32043b0,2
w_731fe92,2
w_b9d732d,4
w_711765a,2
w_c183657,4
w_22e82fa,1
w_6920fb7,2
w_9e3859e,3
w_cf1e889,3
w_7348ed5,4
w_60f11fb,5
w_8305a19,1
w_c865cfd,2
w_84b255f,2
w_0d11fa9,1
w_c148ab4,2
w_5c57f77,1
w_551165a,5
w_e26eb46,5
w_010f858,5
w_cfae8d8,5
w_f57140c,5
w_06471d5,4
w_fc6f897,1
w_aea4301,1
w_5077be0,3
w_e25b062,6
w_15805cd,12
w_a3d2008,2
w_a61a47c,3
w_f59bb62,2
w_c797292,2
w_39ea8fa,1
w_e4502b3,3
w_a7e3d55,3
w_4e33dc8,1
w_06935ed,2
w_c0d8dcd,1
w_eba33fb,19
w_e73cce3,4
w_5966e55,1
w_f442602,2
w_c1d2fbe,13
w_bd1c3d5,12
w_b9c99cc,12
w_0db234e,4
w_be28cde,1
w_293431f,5
w_099bcbc,1
w_4fa2f05,1
w_46e198f,2
w_62ecd30,1
w_efbdcbc,22
w_f58da65,2
w_a32ff7f,2
w_f2e561e,2
w_df6efd0,1
w_cd645e4,1
w_1920193,1
w_f0663e5,2
w_c058057,7
w_298f605,3
w_733e9cc,1
w_10bb1ba,3
w_76ad1d2,3
w_fdcaaa8,7
w_5ce9577,2
w_cf88f4b,5
w_0a3255c,1
w_c178f34,3
w_335bdd1,2
w_77c86af,8
w_bd9f354,2
w_3e9dc66,2
w_1483be2,1
w_2652d72,1
w_b4fe6b0,4
w_f992eae,4
w_87ed7a9,1
w_7a61cb2,2
w_2af46a8,8
w_c9634dc,2
w_c84b36b,2
w_6d8fad3,2
w_3ac9d34,1
w_4b5ade3,1
w_e1ffbe2,23
w_e16924b,2
w_910831a,5
w_27d6aac,3
w_3002b59,11
w_242fb46,23
w_02c7e9d,5
w_807f02e,2
w_cf9055c,3
w_c0b01ea,3
w_d066f46,19
w_88445b2,8
w_9b565fa,2
w_1419d90,7
w_ec7e60a,2
w_c5dbf98,2
w_e4a9205,6
w_4c0a2c9,5
w_68bb40f,2
w_c9ea055,1
w_8e88f4f,5
w_2eec458,3
w_e0f37d9,1
w_3b5aee2,1
w_169a302,2
w_c566a3d,6
w_7b703d1,1
w_0b10e7c,4
w_428ca58,2
w_780c931,2
w_3982e1e,1
w_f2fd557,1
w_d494351,13
w_86d0c34,1
w_c3c0d22,4
w_2f74ff3,9
w_e3fb839,1
w_fa11a3f,1
w_4f8332a,2
w_b1a3345,2
w_971d191,2
w_b96391f,2
w_67153b4,5
w_a113b33,20
w_b18df25,4
w_6c995fd,7
w_0fedd59,1
w_b433be9,3
w_0af3867,1
w_c55c51d,11
w_721e78f,1
w_8fda8b2,1
w_d285a7a,1
w_95a5270,2
w_21fd105,2
w_69a58b2,3
w_a165159,2
w_835a1eb,2
w_752ffa2,3
w_5101888,4
w_8f2943e,2
w_9b89c88,6
w_c4f01e2,1
w_2f94559,2
w_3309cbd,3
w_fe15413,6
w_dc94d80,1
w_81d1ff9,3
w_90fb95b,7
w_0d98e43,1
w_67fa427,1
w_59088ff,3
w_d7aad03,5
w_0fdde23,1
w_03ea6f9,1
w_d236b51,8
w_4e63f7a,4
w_5f54045,5
w_afb4a42,3
w_9f2fb13,1
w_b7cf3f5,3
w_9eb2d2a,8
w_75f6ffa,24
w_263fcb0,6
w_72ab123,2
w_70e9661,7
w_5e5fec6,1
w_9697236,6
w_14461a7,2
w_94f4850,1
w_6279534,8
w_6ca173f,5
w_8003858,12
w_902d8ef,1
w_9072933,1
w_7d06258,1
w_6a8bad9,3
w_93d7617,2
w_1daae48,1
w_61d48c9,2
w_1af6b9a,4
w_2856c57,1
w_b2af5eb,2
w_7c718f4,1
w_6fc8edc,4
w_d97c490,11
w_9227ca2,2
w_3feca90,4
w_b6de8e1,1
w_15bf4be,2
w_3a63e33,5
w_ec0e6ed,5
w_8d0a2a2,6
w_fa8c44c,5
w_6e97ef4,15
w_48619b3,4
w_be3f623,3
w_ca11f46,4
w_dab2353,1
w_9cc2050,1
w_2ed0d2f,7
w_6e0afa2,2
w_7d724a2,2
w_d52a837,3
w_1006b9c,4
w_de3713f,2
w_75d4e65,2
w_193f83c,2
w_e8c5ff0,10
w_e022d1b,3
w_2112103,3
w_7983f71,3
w_533f9ea,5
w_0749e87,2
w_f16afc2,1
w_96c6613,6
w_9a1a810,14
w_3cd4d35,4
w_8c83452,2
w_79e750b,2
w_6d43e1d,7
w_7830b52,2
w_87e5b68,7
w_872f131,9
w_dbf6385,3
w_efc0825,5
w_d0fd41c,3
w_8beb9f1,3
w_cfcace7,3
w_54e7b40,5
w_84b1b28,1
w_cbd2194,2
w_1ff168e,4
w_b3df6bf,3
w_3e6cee1,1
w_19f365e,3
w_c63c580,8
w_00d50c9,6
w_06d2e72,9
w_c2de607,1
w_e533679,2
w_8e1cf61,2
w_63d6920,1
w_37bc202,3
w_e01ca20,9
w_f0e9af7,4
w_b9ee9d1,7
w_bb56867,2
w_f9eb808,2
w_4f6b509,4
w_05d65b9,3
w_560305a,2
w_0bc078c,24
w_cf5e3ee,4
w_2b069ba,48
w_1257748,1
w_b7411e8,2
w_26b24d4,3
w_0a619af,10
w_6eb10d2,3
w_7351540,2
w_e13f4e8,7
w_3283995,3
w_eec42d0,2
w_cbf576c,1
w_9b171a8,2
w_b785729,1
w_85a8d47,1
w_ebdc496,2
w_f57fb81,1
w_fd98539,3
w_0277a07,2
w_112d2f8,1
w_1e9caad,5
w_bdea26c,3
w_c1efffb,11
w_b93105d,6
w_5c028f2,2
w_faf5287,5
w_350bfd5,1
w_e66ced8,4
w_a7067d1,4
w_be1f602,6
w_1a70f3a,8
w_fc6dd24,7
w_09bd7e8,3
w_2902e69,1
w_d9f8641,5
w_be1dbc1,1
w_a053e56,2
w_a33ed90,2
w_3c4b1d0,2
w_6b1d160,5
w_186d294,3
w_f5bf6df,6
w_ec32fa6,11
w_9f02ca1,2
w_ed29ffe,2
w_3c966be,1
w_b6863f6,1
w_1c55cc3,1
w_c063530,1
w_c99807e,2
w_6ad771b,5
w_2424e82,2
w_80124ae,6
w_97074d8,1
w_007fefa,17
w_0833a92,4
w_0ce0555,2
w_ca7089b,2
w_72019ec,1
w_b34830b,4
w_640a24a,5
w_e07b79f,15
w_af520bd,3
w_6cb1882,2
w_8e3a722,3
w_c2c20eb,5
w_1d532b4,9
w_6e7763b,4
w_d3e4d19,1
w_7ff9682,3
w_d4e9763,1
w_a69f0ee,1
w_586abcf,2
w_a8a52de,2
w_2e29743,3
w_252d315,2
w_f6a5edf,1
w_68f23a1,3
w_50c4067,3
w_580ba51,4
w_cffd90e,1
w_32de0c5,2
w_56e52fb,1
w_09e51f8,1
w_efa6b4a,4
w_9634512,1
w_56ed74d,1
w_61e4248,1
w_cdd2642,2
w_8092f18,5
w_84a32d1,3
w_7edfc70,3
w_dba1c08,4
w_e107383,2
w_0815d2c,8
w_1ecca2d,5
w_8d4c9f7,4
w_b00d1a7,1
w_ecb61a0,2
w_e8b82f6,2
w_c7d8935,2
w_d909f72,2
w_4b8638b,2
w_1dc7d3a,2
w_2623921,3
w_187de67,2
w_4b1a9b1,3
w_003bae6,8
w_d3b1733,9
w_32da935,8
w_e8c45dd,2
w_d1c9d7e,1
w_04d4568,6
w_7fe4082,3
w_56c9d4e,3
w_81691be,2
w_60a54be,7
w_3c254c1,1
w_cbda0d3,5
w_5ea7acf,2
w_80729eb,1
w_625e590,10
w_428f3c0,1
w_eaed433,12
w_94af7fd,2
w_454f511,8
w_57aeea3,11
w_02aa597,8
w_4e00a18,1
w_d8cb231,3
w_ce16eea,1
w_4554dcd,1
w_0a0b4c6,1
w_ba3c7af,1
w_07768b0,11
w_0a8e080,3
w_88b3466,7
w_038e5c3,1
w_ea05006,6
w_c2372df,3
w_b0d1046,1
w_1d830c2,3
w_25f1a4e,8
w_2852461,1
w_ae70500,1
w_0b356c2,4
w_7938c79,6
w_4524517,1
w_f20333d,1
w_33aaa44,1
w_a88c767,2
w_1b51678,2
w_ce1aed8,3
w_b747aeb,1
w_da011a1,15
w_64b2865,1
w_f8478b9,2
w_1a874a6,1
w_6071978,8
w_0d5fa2c,2
w_1faaf06,4
w_569ed76,1
w_72db52b,1
w_9af8eba,1
w_e7de767,2
w_888d8e3,1
w_40acf40,3
w_97f4b38,2
w_d0728b9,2
w_753d66c,2
w_1ffc4ab,2
w_6bc4ce1,1
w_1d8d7c3,1
w_759b919,3
w_5d81be1,3
w_31b5dd8,3
w_60795e6,1
w_db1f3de,5
w_97ba78a,6
w_ba8f93b,1
w_29e87c9,2
w_6ea9231,4
w_34d7623,5
w_5520ce2,2
w_8ed7da3,3
w_4c62681,5
w_8e58103,1
w_d602efb,8
w_a13c09d,1
w_d1518b9,1
w_56fe328,1
w_4cbf396,2
w_8a1b71c,10
w_8a7071c,3
w_8a56270,2
w_3fb99a3,4
w_a6eaf8d,4
w_8f4b1c4,3
w_41301dd,2
w_bc62c27,3
w_3a192ed,1
w_2cabd62,3
w_5b262f1,2
w_36b59be,1
w_ddda4a4,1
w_48cc590,1
w_b5cf062,3
w_207f153,6
w_700f301,1
w_61d6612,1
w_7860ed5,4
w_83cc0ec,16
w_33696ac,5
w_7066887,1
w_987fb30,1
w_c01b2e9,5
w_5816f86,6
w_67fa286,1
w_9bd2794,7
w_ff2157c,4
w_cf1551f,2
w_6ebfe7b,9
w_46f4824,2
w_297e53a,1
w_47d86e8,4
w_e5ab551,8
w_ca66b79,6
w_b5e13cd,4
w_98f16af,1
w_2aaa3b5,3
w_33979b1,1
w_aaf5ab5,3
w_995bdbb,1
w_5c2bc89,1
w_865cf80,2
w_13edc47,4
w_a70b90b,3
w_8a35001,2
w_c7e2a65,2
w_b23555d,2
w_9d56f22,11
w_16def42,5
w_527aa02,1
w_4c01b28,3
w_abc82c3,2
w_102e715,3
w_9b6d9b7,1
w_b919d77,1
w_8b3e525,1
w_262c32f,2
w_11e90bc,2
w_f497e3f,3
w_a933a19,2
w_ab6f34e,1
w_1834b49,10
w_7cc7ec6,2
w_8a9e295,1
w_34053b9,1
w_4cc62b9,1
w_5793f1c,6
w_40dc8f2,1
w_12ce4f8,6
w_7f0d18a,3
w_6dbfd7a,6
w_f2dd08f,3
w_027f528,1
w_db0c7fd,2
w_e145c7a,5
w_74192ac,1
w_7b07041,1
w_12b56df,2
w_f2d26f2,3
w_81da9a5,1
w_c97ad94,8
w_6465d75,1
w_6794f1e,1
w_4562f42,2
w_6f7667a,4
w_900c68f,4
w_8e63d5c,3
w_c2c1e28,2
w_ba77e9c,3
w_5f5f9ae,9
w_a589923,3
w_94e136e,6
w_e9e413e,7
w_cc1784d,18
w_9472e22,2
w_9ece6cb,3
w_4a12050,7
w_ead1f5a,3
w_e0ca4f5,1
w_98bac23,1
w_46c49e8,2
w_95b8b64,3
w_7e38d10,2
w_72e3fa4,3
w_03e3e5e,4
w_e9b4719,7
w_3d834ed,2
w_e05e755,1
w_0f8b8e2,11
w_fa52b0c,1
w_3791ec3,1
w_2ab34d0,2
w_98b6b97,1
w_3fe2251,2
w_7d8b00d,1
w_1b0db58,15
w_69b5ace,7
w_6ca0970,3
w_98d094e,16
w_224bfc5,1
w_e5e6490,1
w_ad01432,1
w_fdceb44,1
w_6f22173,3
w_9cf0388,7
w_9fecf9d,4
w_0888e56,2
w_03670aa,20
w_c4c380f,2
w_5fb70a0,2
w_cb593df,2
w_ee61a1f,2
w_abc5af2,8
w_0f25e6b,9
w_5530579,2
w_f3a12bc,9
w_d6d5928,1
w_7d296e9,2
w_853aa18,4
w_0ca546b,3
w_df487e8,1
w_91b678a,11
w_34f5f2d,1
w_d351889,3
w_6c3ec2d,8
w_c2a1bc4,7
w_d542101,4
w_eca61e6,2
w_be65810,3
w_98164c0,3
w_d5a4a41,1
w_2e706fc,2
w_4112f9a,4
w_3378e77,1
w_a5a002f,1
w_0fc3e41,4
w_f773fbe,6
w_f86b16b,5
w_b82bea9,1
w_a6a1bea,4
w_9d59be4,2
w_0e93f25,1
w_1d35a02,1
w_ae19ff0,9
w_3853f4b,1
w_13a7d9a,3
w_d10d0c5,9
w_711b815,3
w_b035775,1
w_96b94d5,2
w_43fa7fc,4
w_f9d1114,2
w_8f424c5,4
w_9d698cf,1
w_d9405b3,3
w_6fd2888,3
w_0f73f48,6
w_801e723,2
w_8bcf8fc,2
w_3c33b23,1
w_f3f887e,2
w_7c27fbd,7
w_4ad3d24,3
w_08c7d09,1
w_7957b08,1
w_75cebcf,2
w_ded330f,1
w_df27de9,6
w_317ae6c,1
w_8230e8f,2
w_b91bcd4,2
w_1ccd2a1,2
w_f527bd3,1
w_b3197c6,8
w_76f95b1,2
w_52162eb,1
w_7ffc63c,7
w_867569a,1
w_795a6b8,1
w_68d1fb0,1
w_5ccee38,1
w_de657c1,6
w_b5e6c80,11
w_0d9ddce,3
w_b27b6c6,3
w_7d91458,2
w_40a1403,4
w_6b57529,2
w_d8a47de,11
w_af8df07,1
w_b860053,1
w_37e08ff,2
w_71dfca3,2
w_cad4b47,2
w_101990d,3
w_dd80742,4
w_dae7ff7,2
w_73b6699,1
w_5f0af76,3
w_46ba1ce,3
w_6df2400,2
w_efe3a39,7
w_cd6743e,8
w_45c5396,2
w_1b3baf7,2
w_2f4be30,1
w_efd6a16,2
w_2d0cfc1,6
w_8d76b75,5
w_70db0cc,1
w_53fb1b2,3
w_ba668da,1
w_70d0b3c,9
w_e20dcb5,4
w_54ae8bf,4
w_55b77ce,13
w_6ffc7a1,3
w_d9aecac,2
w_5d426b6,3
w_163b2b8,2
w_9109577,3
w_bd18f3c,3
w_8279f22,1
w_51fe22f,2
w_9ba4a9a,5
w_799b208,3
w_e53bb95,4
w_6b25530,4
w_71b9a85,5
w_9ffc9aa,2
w_750f1c8,1
w_99ce0ec,1
w_bc5dbf9,3
w_f793610,2
w_a371235,2
w_8e1e84c,1
w_6ccf9c6,2
w_9a17ae9,2
w_6f1f6b3,1
w_529fa56,1
w_4167fbb,2
w_74ada4e,1
w_5babd8c,6
w_d4d46bf,4
w_6ee9b69,1
w_c7bd8e7,2
w_a981164,3
w_58be2b5,1
w_c190aa8,1
w_8b813a5,4
w_8041789,4
w_d6f61cb,2
w_29c88c2,2
w_6d8f72e,6
w_d947e85,8
w_a13f1d0,2
w_009c9c5,2
w_57e4b21,3
w_f9aab0c,4
w_4e8ae1d,2
w_334c489,2
w_f892ca8,2
w_a16169d,1
w_647da1f,4
w_c650f39,2
w_ed5c855,1
w_c63fd83,4
w_8b8ef96,4
w_65f142a,2
w_3f5c708,4
w_0066399,1
w_5a90eff,5
w_3f0fd95,1
w_1df2383,2
w_cf4178c,3
w_61f25ae,1
w_f50b00d,1
w_10b4603,2
w_3154c82,1
w_4dfeafc,5
w_4adc1c0,3
w_921cdae,5
w_3bc2641,1
w_dc7d6d7,2
w_2d6bb89,6
w_0f5d895,2
w_f6e5311,3
w_19c50fa,1
w_ea4a7db,2
w_fd14088,1
w_5612025,3
w_71df35a,6
w_694a615,2
w_bacd6f4,2
w_94f41dc,11
w_c62ca3a,2
w_c8e2df4,2
w_811c3a3,6
w_be6e58a,1
w_a4826eb,3
w_88b3a3d,2
w_5116e7e,6
w_dec9108,1
w_92f4498,10
w_a4140a6,3
w_0baf946,4
w_aee6701,3
w_f953704,2
w_8b84ad0,1
w_59d1835,1
w_3137898,3
w_ace2814,4
w_a5c74f4,5
w_49ae16f,1
w_3d56b7c,3
w_5535fd3,2
w_e0cf908,2
w_90edcb6,2
w_c4232a3,1
w_cdeac94,1
w_5a3e0de,10
w_234d686,3
w_c543f7c,4
w_695c604,3
w_a79e00d,5
w_ae32f8b,6
w_5e939ca,1
w_240cbf9,2
w_fc10c15,6
w_b2a4769,1
w_5e47cfb,3
w_c2677ee,1
w_997cda5,3
w_12fe3a8,1
w_e726a9c,2
w_a6703dd,11
w_2c0cfe8,1
w_87d3b93,3
w_8ad632d,1
w_20eeb29,2
w_3511bc7,1
w_c9cf75d,2
w_d6aa3f3,10
w_3904b99,2
w_94a7669,11
w_9490369,9
w_e210cb5,3
w_305456a,2
w_051764c,1
w_75b6e81,3
w_0027efa,10
w_a893faf,2
w_bef2a3f,2
w_5d67caa,3
w_6755824,1
w_18c481a,2
w_82c744e,1
w_bff3c3b,7
w_b805777,6
w_e3056e9,1
w_1b77e4f,5
w_fd57399,1
w_a79a828,4
w_066ac1a,5
w_83a4279,15
w_244e953,6
w_5688262,3
w_7272aa5,1
w_d3baa35,5
w_0003c59,1
w_72fc6e4,1
w_218fe4a,13
w_bf46204,1
w_afdac76,1
w_1b4bb29,3
w_94e110b,1
w_cdc4a40,4
w_be78b58,2
w_0d052c1,4
w_a6067a9,4
w_141a880,1
w_8dc6c05,2
w_c4faf7d,3
w_716ac00,2
w_8ad2534,3
w_9d95dee,3
w_e06d673,4
w_9c2f8e2,1
w_5ff2049,8
w_beb062d,2
w_96c35cc,5
w_7150989,2
w_75d0e61,5
w_d3332dc,2
w_b3afb40,2
w_478d73b,2
w_ebcf899,1
w_22f2567,2
w_579e5f0,9
w_dd2873f,2
w_3af5f93,1
w_bdded04,7
w_0745b0e,2
w_a39b2e2,1
w_a47dc2d,7
w_43d8db4,4
w_ea7a364,2
w_a08f3cd,5
w_27fa393,1
w_0cadbdc,2
w_e8b0946,1
w_15951db,11
w_9aacaa0,2
w_e4ae199,1
w_5a49beb,3
w_4c07458,16
w_e70a3d0,3
w_d71a790,3
w_ce1bf27,3
w_42c1a3c,2
w_5af08bc,3
w_a053ed9,1
w_ca93339,1
w_eae7e41,1
w_b9264dd,3
w_bf2b915,7
w_cb476e2,2
w_276d61d,2
w_65e0628,1
w_a375d95,2
w_4b04d0f,4
w_67f670e,2
w_5d4c7fc,1
w_e85af00,2
w_0fe6fbb,3
w_01e1b97,1
w_99d53a9,1
w_1995d15,3
w_2f0416b,2
w_72f3685,10
w_f6032e9,2
w_de1dc14,3
w_6545943,1
w_1f8621d,1
w_c170c5d,1
w_6beaa7d,2
w_b472b26,4
w_aa585b1,1
w_d6c1d80,2
w_f3b2948,9
w_347e43b,2
w_a3e2d0f,1
w_f71de1c,3
w_abba153,2
w_7b41bf7,5
w_5485228,2
w_3180b48,1
w_7e74b4e,3
w_9544084,7
w_9438119,16
w_c073f96,8
w_4bbd0fd,1
w_874b395,1
w_a335fc2,2
w_62b631e,4
w_f787e93,7
w_f971ecb,7
w_7ae9946,2
w_e71f9c7,9
w_effacfb,1
w_3b90ba7,3
w_1b8f126,1
w_d573a68,19
w_77f9c5f,6
w_2858e46,3
w_e74475b,2
w_b164c63,2
w_d5d111d,3
w_16b5050,12
w_7a083f7,1
w_27be996,2
w_a354653,2
w_b8c537a,2
w_33fccbe,2
w_9ddb645,2
w_4460861,2
w_fe54484,2
w_f91389a,4
w_b4ac550,1
w_a24d7b7,1
w_66168f1,2
w_4362671,2
w_99d3313,2
w_06460d7,2
w_4a9436a,2
w_bab14fa,1
w_62bedea,5
w_715c34b,2
w_dc651ad,9
w_3e979c0,2
w_58d3dd3,4
w_580bfc3,1
w_1b50676,1
w_fa4034b,3
w_6d98683,2
w_bb08804,2
w_cef8ce0,1
w_3137deb,2
w_a17b628,1
w_1632c45,1
w_0ecda0a,2
w_9d22d21,1
w_fbcd329,1
w_1684cac,1
w_9fe60cd,4
w_b2bc537,3
w_d8a08f8,2
w_0f5666b,1
w_a8fcebc,1
w_cbaa911,2
w_3fc3c61,3
w_91ed407,2
w_aebdb5f,1
w_ed95d33,2
w_8153aa9,1
w_c928809,1
w_16dba74,2
w_c82dafb,3
w_88b981e,1
w_dd54cb2,2
w_2c94198,10
w_d1f35d6,5
w_f71100b,4
w_5e285ed,2
w_45b1b01,4
w_227e394,2
w_30719c8,1
w_8ca7f37,4
w_9eaef8f,6
w_648b85e,2
w_d01f587,2
w_58bc953,1
w_bdd8ce5,1
w_b311fb6,3
w_ea2d2f9,2
w_99545ba,1
w_356b5b7,2
w_8585e34,5
w_724503e,2
w_4dabdd3,1
w_5b8f665,3
w_0db2e26,3
w_aa47677,1
w_059d9e0,2
w_ec8ac93,4
w_8cee3d3,3
w_0a357b7,1
w_a42c505,1
w_60122fa,2
w_506f894,2
w_0dfc1eb,1
w_7e1ce0a,3
w_37bdff9,3
w_7ad1459,1
w_c4bb2c6,1
w_5e94510,4
w_208db25,2
w_ba0751c,2
w_7307591,3
w_8d99f99,1
w_382262b,1
w_7ce08e6,1
w_2a7f00f,4
w_b953028,2
w_4857351,1
w_aa9f4b2,3
w_f73788a,1
w_96f027d,2
w_3bdf2c6,4
w_d31f7e6,1
w_76dee7c,4
w_74ec366,2
w_97d60b9,3
w_6fc9857,1
w_18aafe8,1
w_772c726,3
w_903c254,3
w_2211e6d,3
w_29c0caf,1
w_088cda7,1
w_3250a08,3
w_792ffd7,4
w_3c8f7da,4
w_da15b9b,2
w_6eed962,1
w_5d687a9,2
w_0d4a14b,2
w_fbcfe74,11
w_76a76ca,1
w_5529f3b,1
w_92cb156,1
w_f8dc1cc,1
w_ac80688,3
w_935a516,1
w_89e559b,1
w_d12f2a0,2
w_9fd6fe7,1
w_1032bb6,10
w_8b5a2e4,3
w_14e1334,2
w_eacf981,2
w_67a270c,3
w_df1cc01,2
w_563d4b1,3
w_0292e15,4
w_b9131da,3
w_6946a70,2
w_8d9af77,4
w_80fc994,1
w_2ed0acc,2
w_ad3a043,4
w_9b5d7b1,2
w_0926777,1
w_9749fed,2
w_ac33bfe,5
w_c7e1b12,3
w_82d886f,2
w_36f91ad,1
w_ef62b09,1
w_88b2b19,2
w_6cf6bf4,1
w_fc94e17,1
w_745ee82,2
w_2926c77,2
w_78de8f7,3
w_4a1b777,1
w_ee864e4,2
w_b874a6f,1
w_bf844e6,1
w_13c9277,1
w_ff22dd7,1
w_d7ef410,2
w_7c1435e,3
w_2e9d1b5,1
w_93fddcb,8
w_38c0639,2
w_e99ed06,8
w_b8a02a2,3
w_84714f4,1
w_08753b7,1
w_9c68fe8,9
w_c0bf8f8,4
w_7488eec,4
w_6aff5b1,2
w_4249f01,1
w_e2561dd,1
w_acbedef,5
w_f1b6eea,7
w_d04bca1,2
w_dc4c211,1
w_daf857f,2
w_844b91e,1
w_291cba5,1
w_27fd7e3,2
w_4af7c01,6
w_016f0ea,1
w_bee8a00,1
w_61ed07a,3
w_dc76f1c,3
w_fe12bec,2
w_d2b440e,4
w_afe2b56,2
w_139d19a,1
w_090c801,5
w_f8746c3,5
w_d2c2be0,2
w_a3181a0,7
w_6fe5b8e,7
w_2b388fe,3
w_7a232d3,1
w_9ad05a6,4
w_e922901,1
w_f5aadde,1
w_c9d479f,1
w_da651f6,2
w_6b2ecc8,2
w_ea6a7fe,4
w_1cfebce,2
w_3c972b3,2
w_fb02461,3
w_6452aca,2
w_f0cf3f6,3
w_1e286e0,2
w_3584852,8
w_734f6b5,2
w_9236fb3,2
w_b3e089d,1
w_1eb67e3,1
w_38e9cf5,2
w_22b8752,3
w_28f572d,1
w_73d6671,2
w_67a56b4,1
w_d980663,16
w_090c08a,1
w_3d972c9,2
w_b1d49c5,2
w_291b418,2
w_14a74dd,4
w_92a47eb,4
w_db86325,2
w_f0a5983,3
w_0ea7436,2
w_4df0da7,1
w_dec7ffd,4
w_e4ed810,2
w_ddc5518,2
w_7250aef,1
w_8778b22,2
w_7648ac1,3
w_dc14a8e,4
w_e798363,2
w_29a8580,4
w_3ebfe7a,5
w_accb0cb,14
w_0717f05,2
w_8157927,2
w_f4314f3,1
w_80b474e,8
w_e68c38c,2
w_d90a890,2
w_797b34c,1
w_483947b,8
w_af294f7,1
w_af5d5e3,2
w_99e4fe2,3
w_540d5db,2
w_faac069,3
w_0da34d3,4
w_2500327,2
w_518a722,9
w_a939b64,2
w_0788c36,2
w_0350bf4,6
w_a79e4fc,1
w_a923a6c,2
w_3a91b10,3
w_937830e,3
w_a8b0ec1,5
w_51c003e,1
w_85bb73c,2
w_d68c135,1
w_32eac70,7
w_99e43ae,7
w_1b2bf0f,5
w_d853d93,3
w_1d2d323,4
w_efcbb06,1
w_c815410,5
w_b1f637e,2
w_2d99567,3
w_2c7deff,1
w_c27e664,4
w_c6d918a,8
w_8436e69,1
w_c17a2d4,1
w_69b046b,1
w_36f154c,2
w_71fa596,1
w_eb31833,1
w_b845c2b,2
w_43d4a64,4
w_ef30316,1
w_213fb07,6
w_0118bab,2
w_b8368f2,2
w_c9b4607,6
w_08d439c,2
w_2745292,10
w_972e51e,12
w_4dbf0ad,1
w_ddb514d,2
w_384e3b2,2
w_1d7fd7d,1
w_83d10c1,1
w_e090471,2
w_04acf95,2
w_03a82c1,1
w_3b03245,3
w_35614d4,1
w_8b83220,2
w_555dcb4,6
w_709907d,1
w_0032a46,1
w_7ae20cf,1
w_4a01f24,2
w_3f93ee8,3
w_26db444,3
w_1c63738,2
w_0bb71d3,3
w_13ca7e8,5
w_1a20162,2
w_b43d0fa,1
w_d8de44c,8
w_aa756f0,1
w_e2e33b2,2
w_e4d326a,2
w_17a3a21,6
w_7f762d8,3
w_bda67e7,2
w_9b1ee8e,3
w_a8fa5f2,2
w_f056e82,2
w_177d88e,2
w_9713cc3,6
w_cf9207f,2
w_0e0b65c,3
w_2e5ad54,1
w_056710d,1
w_5df7574,2
w_0f00df0,1
w_1a7ccaf,3
w_20dfb69,4
w_f24a55c,2
w_b7d68af,3
w_35863c5,2
w_8dcdb19,6
w_465d9c7,2
w_e6faba8,1
w_f56d155,1
w_307e5e9,3
w_f28a7a2,1
w_5ae026a,8
w_ae73598,1
w_f182e2a,2
w_3f44881,2
w_f9112ac,2
w_533fe25,1
w_a780b2d,6
w_45d33bf,2
w_39c246e,1
w_8bc8a32,5
w_3fe5d56,6
w_a4162d6,4
w_308c7b6,1
w_cc9dfb5,1
w_107b98e,7
w_8d09425,2
w_9b25161,1
w_cfba5e0,1
w_eee74c2,1
w_cf5335b,4
w_91a2a20,1
w_af1d57b,3
w_23bfd0a,2
w_b55fb6e,2
w_5d6ba39,6
w_0e35358,2
w_a8276b4,7
w_eb13108,8
w_d9cdc09,2
w_3904956,2
w_2644b11,4
w_fcf1d68,3
w_7537a43,2
w_cac17d9,3
w_37f260a,3
w_11e75bf,3
w_85a2285,3
w_396c07d,2
w_6339d14,3
w_fe03daf,3
w_24c76d8,4
w_47098f8,2
w_a3ce1d5,1
w_51a60f0,1
w_301f728,1
w_9bebed8,2
w_ea520df,4
w_f035513,1
w_cb4182e,2
w_bdb3a05,2
w_0bd2e46,2
w_511b9b5,2
w_76065ea,5
w_98a5e5e,4
w_a6ef5a6,1
w_db1b545,3
w_9b99992,2
w_3ce8ffa,1
w_1a31542,1
w_97146b3,1
w_ecbd28f,1
w_aa2d6fc,3
w_6b1bd76,4
w_bd80cf2,1
w_636aa5b,1
w_953b7b2,2
w_2f87cc7,4
w_7a8ce16,6
w_210caac,2
w_5c2c1a1,2
w_b3e445e,10
w_51a0ec9,3
w_8eae2c3,6
w_13e8097,1
w_9660cec,3
w_ff6065f,1
w_a90164b,3
w_e0ed636,2
w_35756a2,1
w_d307d9d,4
w_a386d0b,2
w_6bee56d,1
w_1e81b43,1
w_1ea8997,3
w_a3eaca5,1
w_e897a60,6
w_1b00c27,1
w_9aa9809,3
w_ebad318,1
w_bdb0a25,1
w_b570fe1,1
w_2a7c1af,2
w_1de6148,3
w_8d52508,1
w_0a0c768,3
w_1344da3,2
w_705e466,1
w_f449c3d,1
w_04f5f55,3
w_deda5f7,2
w_decafbd,7
w_5af3b0a,1
w_754cc34,2
w_513f024,2
w_ad88c85,3
w_ae83866,1
w_a49508b,1
w_5ad70f3,2
w_d74498b,2
w_0dc84fd,3
w_bdf9612,1
w_114a297,2
w_ff5fc91,2
w_0a31a3a,5
w_34941d8,1
w_1b04c3c,1
w_4a0c2a7,2
w_c536a4a,8
w_6301785,1
w_f6524e1,2
w_06ffb30,1
w_21591ba,1
w_6a95be3,6
w_db0c461,2
w_4dcdda3,2
w_50707c4,2
w_ea7bc89,6
w_16362a6,2
w_6e999b0,2
w_9364343,1
w_3b15259,2
w_73bfe11,2
w_685115a,3
w_268addf,1
w_48872ad,2
w_0d1b964,3
w_a486bde,1
w_fbf7d73,5
w_2b17316,4
w_e54d8f6,8
w_9e5c031,1
w_43f0465,2
w_f13f7b3,5
w_2f5652a,1
w_cfce505,4
w_936aa13,3
w_8d33cf5,8
w_2f0f74c,2
w_463f219,4
w_2f350be,3
w_4f6e5a9,2
w_6d59878,1
w_42e0e40,3
w_df6b050,2
w_8b03a7f,1
w_538259a,3
w_79eb216,2
w_9bde64d,1
w_04d1c8c,1
w_67dee15,1
w_db2d2ac,5
w_20baeef,1
w_9b16b48,2
w_d3311fa,1
w_917cc49,3
w_1289b63,4
w_dea042e,3
w_c1715f5,5
w_b1c5c0b,1
w_a9822dd,3
w_ccc26ea,4
w_3c58b68,1
w_23852a0,6
w_0abe9e7,1
w_0323574,2
w_267c7e3,2
w_ae7887b,2
w_c509e1e,2
w_9d840d6,2
w_26ba5fd,5
w_a58d6d5,1
w_409747f,1
w_d658a66,1
w_e010426,2
w_c31e72f,1
w_4f3dc75,2
w_f5a7f03,1
w_092d942,1
w_6e55e73,2
w_0c69117,3
w_896b139,2
w_b9edd7b,2
w_9525c07,2
w_1b70f3f,1
w_5b94456,2
w_21b94e3,1
w_938ee78,1
w_5823d7b,2
w_f128a4d,7
w_e89442d,1
w_67b3af9,3
w_818f08c,2
w_03ad89c,4
w_7058149,1
w_82481c1,2
w_f0708c8,1
w_717756b,2
w_143ea92,2
w_b385045,1
w_0dfb4f6,1
w_2ef9c36,1
w_5781883,1
w_2036a57,2
w_63386cd,2
w_411325a,1
w_7c6e8f0,1
w_b79abd4,2
w_e2e7384,10
w_00f340d,2
w_13ffdcf,1
w_e51c0e9,3
w_e6264df,2
w_d875f4d,8
w_16b7fec,3
w_b5d45d4,2
w_43614bc,1
w_9712235,3
w_181ab06,1
w_e31480f,1
w_79cfcab,1
w_ad343a6,6
w_12aae3e,6
w_2b39f31,3
w_3128adb,2
w_64cddcd,1
w_f79ca64,1
w_cbd5013,3
w_6eec015,2
w_5999d7a,1
w_782c71d,1
w_0ee7878,12
w_c0c5cae,1
w_54fd73d,2
w_1c6465a,6
w_7918564,1
w_030e2cf,8
w_f9fd8f9,2
w_6e6e6bc,4
w_9eab46a,3
w_c1b34d2,5
w_86f34e8,2
w_f6eed29,2
w_420254e,4
w_e739a48,1
w_c11f9d8,5
w_9db1fb1,5
w_16c264e,3
w_e26e0fc,1
w_9ad3618,5
w_9094c50,1
w_413933b,1
w_44a3ca5,2
w_0630c3e,3
w_dcc14b3,2
w_5d36478,1
w_57437ee,1
w_1f41b98,3
w_cc93694,2
w_2fdf4cb,1
w_bd572cf,2
w_b9bae7f,2
w_36c8c0d,1
w_f1eb6cd,1
w_b1dbfd3,1
w_bc6171b,2
w_aee9487,2
w_732d22c,2
w_9119b08,2
w_0ffa15f,2
w_3f21fed,2
w_3ffae11,2
w_dadaa2e,1
w_1f429ff,2
w_e79b4d0,3
w_50193ae,1
w_d66d8f4,2
w_b5d72cb,1
w_00289b1,2
w_9cff87c,2
w_b5657c7,2
w_491b2e5,2
w_d05827c,1
w_1e99233,1
w_7d79c77,2
w_c94f151,3
w_51e0e04,1
w_5796069,3
w_c82b49f,3
w_a2b9ae8,2
w_803ad0d,2
w_6aca6f9,1
w_0bb9927,2
w_f391bb0,2
w_228c7ee,1
w_1ff410a,1
w_38c6a8d,4
w_3da0eae,6
w_7709151,1
w_1029215,9
w_f8511e9,3
w_639867f,3
w_9060d27,2
w_5258623,3
w_2cd7341,1
w_012678c,5
w_d9c9d8d,2
w_cde1082,3
w_ad7b758,1
w_17be6f2,1
w_46796cc,5
w_a112639,1
w_6c777a0,1
w_3643be7,7
w_653099f,2
w_b7babc0,4
w_cbcb5ed,2
w_108b2ed,2
w_0b7ce1e,1
w_ac2574c,2
w_e8ab3c8,1
w_ffa542b,3
w_e64cf9a,2
w_62fc862,4
w_85923bb,3
w_d0528f6,7
w_2a1a125,4
w_502e72f,4
w_550ca18,3
w_efa895a,2
w_378bf61,1
w_7388288,2
w_fa2ec89,9
w_b1c8a8b,2
w_f9bffb5,2
w_5d90c48,2
w_bb2cbcf,4
w_5ed2a38,2
w_89a0473,2
w_3b71107,8
w_4689352,1
w_609529a,2
w_f8bb266,3
w_c5c01af,2
w_da16ee8,3
w_68df91a,1
w_3a241cf,3
w_90336d0,2
w_6658081,5
w_7ed8dac,1
w_a2a40d2,3
w_68fc65d,1
w_3fadd3e,2
w_038dfc0,3
w_b950c88,8
w_44a6509,2
w_4132bb8,5
w_4735be5,1
w_c55519c,4
w_4135cb8,3
w_b7ad0fb,1
w_9e591f3,1
w_0f031ca,2
w_89d9699,1
w_50f8a28,1
w_db30d65,1
w_61e136d,3
w_ea902fb,6
w_e52ff99,2
w_46c4c49,6
w_7a427f2,3
w_05f8c99,1
w_92ac4b2,1
w_e5203ea,1
w_ee05147,1
w_20c0bc0,3
w_14bfbe2,3
w_02469a1,2
w_79843ce,1
w_49e0d44,1
w_8936c44,6
w_22cdc5f,2
w_a5b6ea7,5
w_14e5fe2,4
w_7203b68,1
w_fb4f74a,2
w_d1b3a00,2
w_2e69752,2
w_f119baa,2
w_47aa042,2
w_6aa9d4e,4
w_e11afff,5
w_e2d8b09,1
w_31438a5,2
w_e2530bf,1
w_950c471,1
w_b4d0c14,1
w_686bbcb,2
w_06e4776,2
w_5d1c9eb,2
w_fe87282,4
w_b210a87,2
w_d83d524,1
w_7677b27,2
w_b7ec7f8,1
w_18a06fd,2
w_5d35047,1
w_0e1eccb,1
w_ed1c5c2,1
w_e6d5621,5
w_b708e98,4
w_d48dfda,1
w_5ce4848,1
w_afabbbc,1
w_e0f4a42,1
w_8947728,1
w_0532483,2
w_be5615a,2
w_c59d4b1,1
w_b384a00,1
w_2972f31,9
w_6df47c6,7
w_105b860,1
w_9e5854c,2
w_260ff2c,6
w_f201548,1
w_535448f,3
w_c4e658b,1
w_9ed5f69,2
w_cc57ddc,3
w_b475feb,1
w_9fac3c2,2
w_8694cb5,1
w_86f3e45,2
w_9b1d3d5,2
w_a71d6bf,4
w_cafe0d0,2
w_472b51c,4
w_cc09685,2
w_80bb6c7,2
w_708c3d2,5
w_5b8b487,2
w_58d8bbd,2
w_da2d813,2
w_394f053,4
w_b8f1666,1
w_78e7020,2
w_71ec6d4,2
w_0cfae04,3
w_f1ec368,2
w_8e74601,4
w_df3b4cf,1
w_7b4ffdd,2
w_8141e4e,2
w_44479bb,2
w_f347577,1
w_687c6d3,3
w_d94fa7a,2
w_b037216,2
w_e05c1a2,2
w_260a2e7,1
w_c87817e,1
w_0a2e1ef,3
w_a26cf66,1
w_d0a7600,3
w_01ed442,1
w_90f0cd0,1
w_4982a49,1
w_1217536,4
w_bd4c2f4,1
w_63ff0ac,2
w_89948b1,1
w_8c28a3c,2
w_f573d1d,1
w_b45ce21,1
w_82de056,1
w_1da93f8,1
w_d09a047,2
w_de8def8,3
w_7f4e31e,3
w_565d73a,2
w_3aecb5c,2
w_1472271,3
w_ee64de3,1
w_4888003,6
w_b7dbec2,2
w_9ca9776,2
w_365b7ad,1
w_e65664f,1
w_febd4fe,1
w_2b1b04e,1
w_29cde7c,1
w_80acb6f,2
w_eafacda,2
w_a616378,1
w_3207433,5
w_21d5943,2
w_859dbc3,4
w_a1d016d,2
w_706e4fb,2
w_8ef9b33,1
w_b389fe8,2
w_292956e,1
w_ce72e73,3
w_5616581,1
w_f75dc98,2
w_ca1d5a8,2
w_8ab401c,1
w_8fa8bef,1
w_dea6580,2
w_641df87,1
w_0ef790d,4
w_3b970db,3
w_102821e,3
w_3789389,1
w_e1702d4,3
w_85222f9,3
w_15fb899,2
w_5fbbce9,1
w_4fd7b80,2
w_e78ecbc,1
w_6c2e008,1
w_df4b60a,1
w_a31ead9,3
w_ff94900,1
w_1870783,1
w_4274db3,2
w_711552b,2
w_776a885,1
w_95f78f6,3
w_bef54e9,5
w_f4a9357,2
w_a3cbe89,1
w_1275240,5
w_be776c7,8
w_62ec5a8,5
w_55a34c7,5
w_2c3c217,2
w_4f7eac5,1
w_445cc76,1
w_c8f9c4b,1
w_cf5d69c,2
w_aa45520,2
w_83eaf7e,1
w_2b49489,2
w_5d8ee24,1
w_8d9d59a,6
w_6bab2bd,4
w_7cc2687,2
w_21ae2d7,2
w_ac867fb,2
w_19dfa67,1
w_506ff2f,1
w_76a45de,2
w_5360e39,1
w_8ed7a45,1
w_b6e4761,2
w_fec4ddf,1
w_2db0644,2
w_1e3e9a7,2
w_650f061,2
w_167a348,1
w_2009f8b,4
w_be06898,1
w_72c56cc,3
w_244ab03,2
w_dbf651b,3
w_4adb4e9,1
w_d210085,2
w_8c8f8b6,2
w_7d4d7cd,3
w_da08395,3
w_7052419,2
w_175d6fa,1
w_887c387,1
w_efaba3b,1
w_2b7f65a,1
w_6b155e9,2
w_490d198,1
w_4c2af2c,2
w_af48048,6
w_3278209,2
w_0ac1b5f,1
w_c156d0a,2
w_63b91aa,8
w_d12e2eb,1
w_9c89384,2
w_e32ad9c,2
w_2497490,1
w_d17b0c5,5
w_d3d9c3c,1
w_39141fc,4
w_3716cec,1
w_0bbc3cb,1
w_fdf618d,3
w_9e58786,2
w_f15f7be,1
w_b1e0959,1
w_9714922,1
w_e6d9cdd,2
w_bafb1e8,1
w_e0d3a78,4
w_1afed1e,2
w_5ae831c,1
w_dff32c6,1
w_e1c5b57,2
w_70fa383,3
w_7a320a3,1
w_15a9ec1,2
w_9b46d56,2
w_f864358,2
w_58f3fd4,2
w_d16eb60,3
w_b1330fd,2
w_f339c6d,1
w_b2e75dc,2
w_22a168a,1
w_d24c654,5
w_5946cd1,4
w_39b9efe,2
w_69c8945,3
w_13b343c,2
w_631564e,2
w_981baf4,2
w_f176dcf,3
w_c38eb22,2
w_15b3f09,2
w_dcee281,1
w_b7aa4d8,2
w_3346f4e,3
w_171794e,1
w_07cb113,2
w_45e0e10,1
w_d51cb28,1
w_eafeccd,1
w_2cdde18,1
w_fae4be5,1
w_a37815c,1
w_596c806,1
w_022d2f5,2
w_f150d99,2
w_64f4963,1
w_f493161,1
w_7f1f285,1
w_8fb247e,2
w_53aa231,2
w_c616473,1
w_fa70157,1
w_329ec8b,1
w_6555d06,2
w_4951cb9,1
w_90a2cf7,1
w_614b549,3
w_41429ea,2
w_6684eea,2
w_eae983e,2
w_13937e4,2
w_3dc1e42,1
w_f7cb97d,2
w_e818b1a,7
w_b21cfe4,2
w_377ef2c,1
w_10a4e10,1
w_685b8e1,1
w_8be0240,3
w_049ae2e,3
w_6af9b02,1
w_b4b2b67,1
w_715b1b5,3
w_036bc54,3
w_19410fe,1
w_b019a50,1
w_9e33316,1
w_ce5c5eb,1
w_1887b5a,3
w_a331c8b,1
w_6d35e41,3
w_99d33cf,2
w_7834cde,2
w_40efb29,3
w_e66ac81,1
w_bc28a13,2
w_05cc23c,2
w_b77efda,2
w_3de9056,5
w_bc65e7f,1
w_0d43823,3
w_59109e5,5
w_bfed9c6,2
w_5c6bd71,2
w_1b6f30f,2
w_836e895,3
w_a7806ad,1
w_88065f2,6
w_bb086fc,1
w_e0f635c,1
w_0d54c55,1
w_1a9e018,1
w_24b5070,1
w_722a04a,3
w_ad6df15,1
w_28cb717,2
w_798f466,1
w_1403973,2
w_6caa59f,1
w_b4cf4b1,1
w_d3734df,2
w_c5935ae,1
w_f5d4627,1
w_b7b0ad7,3
w_fc6a5a2,1
w_1719d81,1
w_4e864fd,3
w_dcc6f42,2
w_205708f,1
w_49cd60d,1
w_6441130,1
w_781654e,1
w_4640cdc,1
w_ff7a4ae,1
w_e3c4772,3
w_4ac8e76,1
w_0fefc62,3
w_1be76f5,3
w_015a4bf,1
w_3cc4623,2
w_7b06e7e,1
w_eae373b,1
w_7e51d7b,2
w_71a1a08,4
w_c18dafe,1
w_0301302,1
w_ac835f9,2
w_0e0f074,4
w_41dd026,2
w_fea5f70,1
w_8e47efa,5
w_fb52b93,1
w_c5ee28a,3
w_6cb1ff1,2
w_d8dda8d,2
w_0b9cab4,1
w_56cb095,3
w_444b771,1
w_365e82b,1
w_e86689c,2
w_faad3f8,2
w_1d6a51b,1
w_e8b5980,2
w_7d09141,2
w_a3bb16b,1
w_53b6917,1
w_f0d3b4f,1
w_01cb0c4,3
w_cb0e8c2,1
w_c5e1472,2
w_d9c78ee,1
w_31154fa,3
w_9a2b01d,1
w_0eab54f,2
w_44e59c7,1
w_0bf90d9,3
w_091ec23,2
w_0115c24,1
w_325f8d2,2
w_260b2ac,1
w_a009604,2
w_633ead1,3
w_b0cadc0,2
w_f7e29b4,1
w_733a794,1
w_22f46ab,1
w_c1bab16,1
w_96c5fe0,2
w_df1f698,4
w_0a6e626,1
w_6dedb5c,1
w_2719f85,1
w_289778b,1
w_f666bb4,1
w_1fc4625,1
w_cfa9fb2,2
w_653dde1,1
w_db38863,1
w_f381082,2
w_6041acb,2
w_0577ccc,3
w_b38f64b,4
w_d6a2ad8,2
w_5831e13,2
w_9e98f50,2
w_d73c048,2
w_0d7b050,4
w_00d5e98,1
w_0f03c44,2
w_f351d4b,3
w_5ad1ac9,1
w_ccf1342,1
w_35f2f8d,1
w_42d6484,3
w_439b6cf,2
w_cfeb24b,1
w_4a1b689,2
w_2fc317c,1
w_a86c082,1
w_888a1ea,1
w_5045d2c,2
w_6afdf63,3
w_281a8cd,3
w_4e73055,2
w_c713416,1
w_4cc050e,2
w_dcd9088,5
w_abd9d0b,1
w_be1a38b,2
w_c028816,1
w_f82777d,1
w_39efa30,2
w_abf193d,4
w_16f4e1e,2
w_c89981f,1
w_702b2c4,1
w_15b5df2,1
w_7656c1a,6
w_a1b7b83,2
w_2c2e6b9,1
w_d063697,1
w_78ab4d4,2
w_5778858,4
w_3c629a2,2
w_e6dfc39,3
w_f4980e2,2
w_f1b016e,1
w_d5bbfbc,1
w_d5c0064,1
w_6091feb,1
w_dc3e9cc,2
w_ef439a1,2
w_036dbd0,1
w_4ab6b16,1
w_480d478,3
w_b003eb0,1
w_c98f1ad,2
w_fb6fbcb,1
w_448e190,1
w_79a2659,2
w_2570b49,1
w_409c63d,1
w_db484db,2
w_2dd6b62,1
w_832917d,1
w_3d67c3b,1
w_58ddf90,1
w_81f8d47,2
w_aa02b8b,1
w_3f78360,2
w_a473267,3
w_7d458aa,7
w_9d6c63d,2
w_89db63b,2
w_b39cbc8,1
w_0e8341d,1
w_d6fde02,2
w_08d5864,1
w_697c75f,1
w_f082806,1
w_84f9ab0,6
w_e493834,1
w_8739af5,3
w_a0534e5,3
w_5871dfd,4
w_905944f,1
w_dce66a9,1
w_317c071,4
w_b403feb,3
w_ecad2c9,1
w_a33b6d6,1
w_29af733,3
w_c49a22d,1
w_dd6dddf,1
w_bf7c89a,5
w_e8658e7,2
w_3ad0f37,1
w_2e1416e,1
w_66dd189,1
w_08b0eac,3
w_f5fcb45,4
w_c0e27e9,5
w_d4661be,5
w_5a7e338,2
w_689cfe2,2
w_1baf8df,3
w_71f5c74,1
w_03193e5,1
w_e2fd1e1,1
w_e9ef5e9,1
w_62ff333,1
w_3404de1,1
w_5557f1e,2
w_a5e109b,1
w_1b0c4b7,4
w_b0f07c7,1
w_47daed4,1
w_636b9a8,2
w_1ca7433,1
w_0fe07b7,1
w_555e037,1
w_97ec13c,1
w_787af6b,3
w_56af0a9,3
w_eaf9662,1
w_d76f21b,2
w_cf8cd88,2
w_5db0eb7,1
w_6d80008,5
w_d3e5689,1
w_bc57d81,1
w_3bf887a,1
w_7a3f10d,1
w_fd3a3f0,1
w_f7702cd,4
w_2e54183,2
w_c49e344,1
w_bb6217a,2
w_be5ee58,1
w_334d7eb,1
w_1b5b199,2
w_20edfc3,1
w_d223b2e,5
w_10d9667,1
w_463295b,2
w_91c94ad,3
w_dd04e32,1
w_2759bb6,1
w_45a768c,1
w_2a6d5ee,2
w_712b916,2
w_2e5d992,1
w_193bf22,2
w_e008923,1
w_2fec5ea,1
w_b28898a,3
w_d10cf66,1
w_dd837b1,3
w_7c5fa3c,2
w_815a843,1
w_9583b7e,1
w_bc101a3,2
w_b495218,2
w_a68cf64,1
w_cdf834e,1
w_ad91d77,2
w_8c8c45a,2
w_257e223,1
w_c057db0,1
w_74f9ede,2
w_d588ecb,3
w_8c0e550,3
w_1647882,1
w_c8d05b6,1
w_ccf3551,4
w_0a1fcd6,1
w_ad880b8,1
w_7ec388a,1
w_8a4618d,2
w_88adb3a,2
w_b8ee123,1
w_4fdb4c1,3
w_faab6df,1
w_ecd9cc4,1
w_d007a72,2
w_ec1eb03,1
w_8debfa9,1
w_c73e8e9,1
w_ee9db93,1
w_7b05eeb,1
w_d0e6e7d,3
w_b60ef24,2
w_5b463cf,4
w_b421d21,1
w_1650208,3
w_d7aef56,3
w_1a071a3,1
w_e8b2157,1
w_51b4749,2
w_d3e323d,3
w_bb9306c,2
w_9800d65,1
w_60aa749,3
w_707ce0f,1
w_ebe9709,1
w_50f9d24,1
w_d63c8d1,1
w_28c1ced,1
w_d6553ba,2
w_952c233,1
w_144ecb6,1
w_664a4bb,1
w_ad2bb89,1
w_15e3099,2
w_408835c,1
w_addd610,3
w_95f3c8e,1
w_c40419a,1
w_b3c3fa5,2
w_af7a56f,3
w_470be90,2
w_7547b9a,2
w_3155d04,2
w_7e70b7c,1
w_e73d9a5,3
w_351a377,2
w_169253a,1
w_0aea542,2
w_17f5d1d,1
w_8de77f8,2
w_7af5b09,3
w_6840783,2
w_185044d,2
w_265ac62,3
w_069c25b,5
w_454df60,2
w_ce44322,1
w_76fab39,1
w_65cc057,1
w_1ab568f,1
w_71ed685,1
w_0f1cf57,4
w_81ed5f8,2
w_37d7c02,1
w_4369be0,2
w_f1acf49,1
w_1e3caae,1
w_3216236,2
w_2ff0834,5
w_7b6483e,1
w_1b70bda,1
w_e64c432,2
w_84f08b7,2
w_bcb2fe3,3
w_d91feb2,3
w_b1be75f,2
w_7c82391,3
w_59915b1,2
w_a10515b,3
w_8dd3f4a,1
w_966b510,2
w_c380132,1
w_88eaa39,3
w_8ac1fd6,1
w_5d06edd,2
w_faad2b1,1
w_fdfd867,1
w_5234c83,1
w_68ef337,1
w_52adbfa,2
w_83e0076,3
w_1693b27,2
w_725bf15,1
w_5877e51,2
w_e709b7d,2
w_73e5b74,1
w_f94d9bb,1
w_c80541e,3
w_19fb122,2
w_fd0d9a2,2
w_5cc8711,2
w_99f608a,2
w_f08d3f7,1
w_db491c8,1
w_5e2589b,3
w_1104cca,2
w_2ac6611,1
w_2d3ef19,1
w_1574bd1,2
w_9fb95f6,2
w_5a8902d,3
w_96dd362,1
w_59fb9d2,1
w_44fc980,2
w_d44dfdc,1
w_a8b65e2,2
w_60f4a66,2
w_a94ea72,1
w_277d911,1
w_398323d,1
w_23ce00e,9
w_00d5466,1
w_b5e6c9c,6
w_21b3c7e,2
w_6db266a,1
w_cf18ab7,1
w_190375b,3
w_571cf6d,1
w_0d145d4,3
w_82479e4,2
w_f6bae1a,1
w_2757c07,1
w_f11cbbc,1
w_7d46ac3,2
w_3bfa4f8,1
w_a763725,1
w_a7757d4,2
w_1b1dd05,2
w_d06e2d0,1
w_122e247,3
w_5f0fcab,2
w_68a89b5,1
w_7e9df91,2
w_a2aaf01,2
w_fbe3f59,1
w_9e020d1,1
w_69edff7,2
w_f0a8b3e,1
w_99f5a1a,1
w_866f40e,2
w_48d22a3,2
w_c56fefc,2
w_cff6c83,3
w_c262606,3
w_65ffd7d,6
w_7c23d73,1
w_2117e10,1
w_4be6d99,1
w_7064855,2
w_df54dcb,2
w_57bf435,2
w_da5b8fe,2
w_2a1a012,1
w_f2571bd,1
w_8e9f047,2
w_78fbecd,2
w_ed620af,2
w_cc85af7,2
w_f629616,1
w_a4a0867,1
w_1ccea93,3
w_9884e90,2
w_01a1d88,1
w_e36b021,3
w_276390d,1
w_0182687,2
w_2137c6f,8
w_5b5b849,2
w_e1f57e7,10
w_04de239,2
w_310226c,1
w_bace126,1
w_a4b73a0,1
w_acfc8c1,2
w_2f8de4f,4
w_b096c92,1
w_1b5fd1b,1
w_3a4789b,1
w_9143ee7,3
w_47e88ee,1
w_05fbf14,1
w_6e97efe,1
w_80dfb8e,1
w_cc07b1d,1
w_e5c28c9,2
w_7bbf268,1
w_76b8e6f,3
w_8075847,3
w_bf5403e,2
w_3217fd7,1
w_d357277,2
w_e096f02,3
w_32838db,6
w_b4c805b,2
w_4a61e0a,2
w_4d7df64,2
w_35e991b,1
w_8daccba,1
w_f40dfa0,1
w_45a6d4e,3
w_8d80478,1
w_232f528,1
w_26a55ed,1
w_50155e6,1
w_e026c82,1
w_b8e1687,3
w_76586af,1
w_20950a9,10
w_4488584,2
w_98d1f63,1
w_6c6ff4f,2
w_b959a0d,1
w_a96ebe6,1
w_46e59f5,1
w_877de07,5
w_0e26d1a,1
w_726c717,2
w_f7193ed,2
w_60c073b,1
w_7ef8a85,1
w_fe0c54f,1
w_46ea040,3
w_3ae4d85,1
w_38c8a8d,4
w_feb4051,1
w_d287825,3
w_1457f13,2
w_7069d70,2
w_77d1d8a,1
w_9614e63,1
w_06ec6e6,1
w_36828b8,3
w_5252dc7,2
w_b7b1472,3
w_71fbd51,2
w_45473b9,2
w_1fecb34,3
w_d603939,2
w_86ecf59,1
w_e885d82,1
w_b26717d,2
w_b639aa6,1
w_81eee24,2
w_f05a1df,1
w_3d7bc85,1
w_dced3f2,2
w_07d4b0a,3
w_6c33987,1
w_17a4a41,1
w_f652809,2
w_a5a0a57,1
w_2284d86,2
w_36f2ebb,2
w_26301f8,2
w_d4bc4ff,1
w_a8d79b6,1
w_9785e30,2
w_438dd0b,1
w_9021014,7
w_19a0b30,1
w_fd718fb,1
w_7f5d9fd,1
w_2d5b0e1,2
w_c4862bb,2
w_d803cef,1
w_36b8101,5
w_22d96e7,3
w_d4b1766,4
w_13d4fd0,2
w_119f570,1
w_971e2c5,1
w_801eb08,2
w_b441850,1
w_d9e7ed3,1
w_dcb4b9a,1
w_bb7d9d5,1
w_f8b4ea9,5
w_d1696f9,1
w_88503f1,1
w_c200e52,2
w_927f345,2
w_8cd5c91,1
w_85baa9d,1
w_43f3361,3
w_d84afa9,1
w_dfc200b,3
w_349c277,1
w_ceda389,1
w_6908715,2
w_d284505,1
w_742f7f5,1
w_d4999d4,1
w_af9b524,1
w_2f8eda5,1
w_728c615,4
w_7707132,2
w_595dbd3,1
w_0e2b483,1
w_f78a4b1,1
w_c59d924,2
w_ead2fa6,1
w_8f1a60f,2
w_86665cc,1
w_2c3f556,2
w_e29ed08,1
w_a11932d,1
w_f4605bf,1
w_4182dba,3
w_1f62b56,1
w_3a1969c,1
w_5157259,2
w_f1ec429,1
w_0003639,1
w_fa887d3,1
w_fd51859,2
w_36e5992,1
w_cb4d3ed,2
w_49ce813,1
w_25d662d,2
w_415f090,1
w_9037ac5,1
w_c5e8495,1
w_bc022c6,2
w_13c715a,2
w_0bdc5d5,2
w_4c218b5,3
w_3c8b9ea,1
w_6ee9735,1
w_f10d0eb,1
w_d24ae04,1
w_ac51301,2
w_00a41ba,1
w_327175f,5
w_671b041,4
w_620dffe,3
w_3cc7dc4,1
w_78ca251,3
w_6e85f95,2
w_1dd336a,1
w_9387099,1
w_1f1774e,1
w_3cde3ea,1
w_9a1f31b,2
w_07c946d,1
w_31e1bc1,1
w_361a865,2
w_c720f04,1
w_b3cf11e,1
w_fe8aee2,1
w_75648fc,2
w_f0184c0,1
w_0b4f7cf,1
w_0a8a451,1
w_73435d0,4
w_194bea2,3
w_8301946,2
w_0c59853,3
w_c8901c6,2
w_e97509e,2
w_9ff0b7b,1
w_87b0e69,2
w_1728040,1
w_a0c732f,1
w_5bef7cb,1
w_e2b0292,2
w_69cce86,1
w_1082fdc,3
w_f737a6c,1
w_7c21ab5,1
w_05081a8,2
w_b2bc0c9,2
w_8b8dcf5,2
w_830b95a,1
w_c751a77,2
w_25d7e08,2
w_2f79ae3,1
w_74e6a59,2
w_5d438a9,1
w_dee1b17,1
w_f77e282,2
w_d71289d,2
w_538cdf2,1
w_4f9c015,9
w_fb8e059,2
w_9a8c7dd,1
w_c2426a1,2
w_be36790,3
w_682897f,1
w_f9b13d2,2
w_0c80c53,2
w_0ee1b0f,3
w_3079e26,3
w_8bcc197,2
w_fed1938,1
w_1247b8c,2
w_527a019,1
w_2f841ea,1
w_c5ed5fe,1
w_66639d4,1
w_415dea0,2
w_f18a3c9,1
w_42388df,2
w_1106cbb,1
w_0c7ab0d,1
w_867550f,1
w_2148753,2
w_0ce537a,1
w_44c1eef,2
w_6cec90c,2
w_f3f23d6,2
w_65a1bfa,1
w_80a59e6,5
w_56a96ed,5
w_596f6bc,2
w_a9a4878,3
w_5515886,1
w_179c9f0,4
w_a92e68e,1
w_cda8eb8,1
w_894296c,3
w_74c924a,3
w_0d61101,2
w_ae6ac74,5
w_f7ec202,1
w_24e9b5d,1
w_7e016f2,1
w_5cc76f8,2
w_6e7cf1c,2
w_2296421,1
w_b38d36d,2
w_19bd11d,1
w_6b47687,2
w_5a0ef9f,2
w_2c5fe7e,1
w_ef7824d,1
w_cb10f79,1
w_e12b78d,3
w_1ee38d5,1
w_aa0bd3b,2
w_0bc1de9,2
w_2980f85,1
w_ed50c26,3
w_3dd4346,2
w_17338da,1
w_1d1fffe,2
w_9713c92,2
w_3e88a50,2
w_b264d2a,1
w_88ff97d,2
w_d87f911,1
w_f077a03,2
w_bbe90c0,1
w_ef29036,1
w_81b2e1e,1
w_9c86f48,1
w_6187461,1
w_4e88955,1
w_ea40c36,1
w_cd28f56,1
w_11bd416,3
w_c3ccec5,1
w_e132302,1
w_9645aa9,2
w_da443d9,2
w_e6ff725,2
w_d5874a4,1
w_df71327,4
w_ba01717,1
w_e129173,2
w_4bc3d74,1
w_148921b,3
w_3756834,1
w_86fa148,1
w_492d9c5,2
w_d962e2b,1
w_270f505,3
w_3e39c9c,2
w_52182de,1
w_5ff73b9,1
w_5d3f521,2
w_c27ee06,1
w_9297b97,2
w_d22e12a,2
w_eced610,2
w_8261f4d,1
w_fc90f18,1
w_75fc10c,2
w_ecdef5e,1
w_45a0a22,1
w_2e18226,2
w_74b6ca2,4
w_83e8a3e,2
w_550dd10,2
w_bc4da71,1
w_34bd6f2,1
w_51052c2,1
w_5b16177,3
w_e3e617e,1
w_38c5952,2
w_9f98ee1,1
w_5ac8fc1,2
w_19671ad,3
w_0b0168a,2
w_0729126,1
w_e79fed4,1
w_1ff111d,1
w_1930599,2
w_0ac10f3,2
w_05bf34e,3
w_d2e4f28,1
w_50260e7,1
w_39cd182,2
w_50b08a9,1
w_519416c,1
w_400791e,2
w_190b9bb,3
w_eaaa42f,2
w_3a1e62f,2
w_5b40032,2
w_d8b5bb4,2
w_911384a,1
w_776f336,3
w_a684b05,1
w_d0bf381,1
w_63f5740,5
w_4ac340b,2
w_7737f65,1
w_e20ff88,1
w_e069b6a,2
w_55ef07b,1
w_2e3e30d,1
w_b877008,3
w_ac910d6,2
w_f347709,1
w_600bf1b,2
w_ce352a8,2
w_7b989fb,3
w_7efe670,1
w_e33e588,1
w_e5b21c0,1
w_2034344,2
w_72aa314,4
w_5fcf350,1
w_7a1c290,5
w_cbdae16,2
w_b09e884,1
w_ef5851f,1
w_b30acf8,2
w_772845b,2
w_b421a6a,2
w_cdc55a8,1
w_2548d54,4
w_bd26110,3
w_d33bc7f,1
w_a123aa1,1
w_e9910d5,1
w_85d152a,1
w_8cce8ce,1
w_b10d81a,1
w_62f10a4,1
w_ff65f67,1
w_4e275ed,1
w_1bbc982,1
w_d9993ee,1
w_e918d4c,2
w_b89b6bf,2
w_48b1730,1
w_2f6d4a8,2
w_9e73e1b,1
w_5fa42d3,1
w_1a657fc,1
w_3962169,1
w_e93b569,1
w_8eb9c42,1
w_8b3a8b3,3
w_1a619db,1
w_b569e70,2
w_1167daf,1
w_6d1f159,1
w_73075b5,1
w_edf0164,5
w_6310ac7,3
w_4a8467f,1
w_c2873ef,2
w_23d4815,2
w_54b631b,1
w_b230d25,1
w_a4ac5dd,3
w_ecf39ca,1
w_deb9471,1
w_abee142,1
w_5c742ec,2
w_2ddcce9,3
w_3976c05,7
w_290399a,1
w_ec0d867,2
w_a1a0090,1
w_c190c60,3
w_c06798f,1
w_e759cd6,1
w_5303b20,2
w_3c64b50,1
w_91b4760,2
w_fe59266,2
w_1c47899,2
w_568e9fd,5
w_a41147a,2
w_2c29146,1
w_d1f7ea7,1
w_51e91cb,1
w_5fd90e2,2
w_1759e4e,2
w_6e62ad4,2
w_ede6c73,1
w_cc849d4,1
w_f64767d,2
w_f43d7eb,1
w_2a7603f,1
w_3c80f07,1
w_f65a725,1
w_bc733ec,2
w_4e626be,1
w_567502c,2
w_a6de601,2
w_eb3f1ff,2
w_bc511b5,1
w_1bd2d91,1
w_3823d66,1
w_350a5ba,1
w_5f31117,1
w_d2a35ca,1
w_820e136,2
w_7521a81,1
w_49d1bcd,1
w_99b7ba2,3
w_81ee2ec,1
w_44fe688,1
w_e568bb4,1
w_4c47a31,1
w_08010cc,1
w_d3b6c6b,1
w_56276b3,1
w_dcdcc9d,2
w_48b6083,1
w_2e075b2,3
w_214e081,1
w_02156b0,1
w_7d9d014,1
w_8affab2,2
w_11ec829,1
w_825910b,2
w_4c7a435,1
w_b72dc3d,1
w_ed0ee85,1
w_e5af4aa,1
w_7330627,2
w_fd99c63,1
w_bab0057,1
w_05669fe,1
w_b66e1a5,2
w_b53bfb7,1
w_bfe6992,2
w_e49ade7,1
w_e8aa833,1
w_58bae95,2
w_a8f7906,1
w_51f03a3,1
w_69ce621,2
w_bde0cd0,1
w_031e1a3,2
w_a770c8f,1
w_2349681,1
w_3f915dc,2
w_520731e,2
w_2103ca8,1
w_9dbdb42,1
w_2fdb049,1
w_15bf3e3,2
w_f6a16aa,2
w_7ec2c18,1
w_76e67dc,1
w_a687883,1
w_260e1d7,2
w_e7f704a,2
w_1d9592f,1
w_c92d4a9,4
w_042b547,2
w_75c7a82,1
w_9d5968b,1
w_bca4304,1
w_6906eed,1
w_67afc89,2
w_7206ab2,1
w_90a7b56,1
w_a05181b,3
w_e21b25f,1
w_9728637,1
w_61cbbc3,2
w_eaa5dbb,4
w_c76f8f4,1
w_6f927a1,1
w_ffa6d42,1
w_60b027a,2
w_38b8bda,1
w_9bedea6,2
w_54abcc3,1
w_716f64f,2
w_17fef9b,1
w_6a0a4c8,2
w_274f6db,2
w_d15d8c5,1
w_2a0e817,1
w_2d5492b,1
w_2e35d7c,1
w_e65051b,1
w_ad672ce,2
w_4096187,1
w_b19f2f9,2
w_d40e29c,2
w_a8a6e1f,1
w_0e34e76,1
w_fc230fd,2
w_e1af623,1
w_9eb9853,1
w_5a3dbb9,2
w_310a94d,2
w_3b32955,2
w_0bfdcca,3
w_0da9a8f,1
w_bafa095,1
w_7e07b6a,1
w_5b870e8,2
w_52093cb,2
w_958b730,5
w_c0a6881,1
w_a40f40a,2
w_c465f0b,2
w_217fc01,2
w_99a26a3,2
w_a1e3bc9,1
w_db2d591,1
w_30a7b3f,1
w_f3887f1,1
w_70fc054,1
w_3040ecd,1
w_0e2a5bd,1
w_9cea9cf,1
w_a421b77,1
w_b870e44,1
w_e8e08e6,3
w_17d6235,1
w_0aed03f,1
w_6612e89,2
w_6f74177,1
w_8c56684,1
w_d11ce9a,2
w_450878a,1
w_89773ab,1
w_efc5e07,1
w_78351ee,2
w_94ea240,1
w_cd9dec7,1
w_e740b27,2
w_c69c9be,1
w_9696e76,1
w_db96784,1
w_d3e9662,2
w_93fcf89,1
w_093ea58,1
w_3e4a1a5,2
w_06150e1,1
w_17dd986,2
w_6448cab,1
w_2e21094,2
w_f94039d,4
w_4d62749,2
w_668c588,1
w_9078d11,1
w_da2cf74,1
w_74b748b,1
w_a4fb1d8,3
w_d5d084c,2
w_939a3c7,1
w_5313587,1
w_7e0659e,3
w_ae83a65,2
w_09c737d,1
w_7f04b8b,2
w_5b8805a,3
w_ecc8d6c,1
w_f009245,1
w_74f384b,2
w_bfbf205,2
w_7404271,1
w_96f893b,1
w_dfe2ab5,1
w_72288ee,2
w_3384715,1
w_a27f93b,1
w_b919aad,1
w_095e3eb,1
w_73b2fe3,2
w_7d28b7b,1
w_d3cb902,1
w_510f3ee,1
w_c62ac72,1
w_993320b,2
w_a915a6f,1
w_b04e97f,2
w_3334d3f,2
w_408f9ea,1
w_c172767,2
w_cc79b6c,2
w_6fe3566,1
w_a95c680,2
w_1ff1582,1
w_15b5eb1,1
w_9423ba4,2
w_948268e,1
w_d786f52,1
w_ee76222,1
w_2efa6ab,1
w_3067220,3
w_f4fae33,1
w_b4ab5b5,1
w_6b51160,1
w_261878d,1
w_c481650,3
w_1b3c3a4,2
w_0e4b65e,2
w_fe9eac7,1
w_bd06bf9,1
w_29d806a,1
w_e94b46a,2
w_a54ea89,1
w_7b92cc8,1
w_2597710,1
w_07e0c3c,2
w_ae536d6,3
w_18666da,4
w_c20b4e0,2
w_2e45865,1
w_c405fe4,1
w_18645ff,1
w_c640984,1
w_bf39602,1
w_0ad0f5b,2
w_6e3b6a5,2
w_e3ceadb,1
w_b1b2f0f,3
w_59f2171,1
w_118a4a4,1
w_5a63294,2
w_8dfedae,1
w_eadfd82,1
w_2f702db,1
w_fd6b0da,1
w_8b05f21,1
w_9ef6147,2
w_056913a,1
w_f3cf672,1
w_10f4afc,1
w_5d9f814,1
w_b60f441,1
w_e56d7b2,1
w_d976668,1
w_2ad05e9,1
w_bd25728,1
w_0823d50,1
w_a3b1a48,1
w_73d22c4,1
w_1da3327,1
w_1083a05,2
w_7769d46,3
w_597758e,4
w_cb88c1b,2
w_931b78f,1
w_397d143,2
w_2e9ed59,1
w_69bb761,3
w_e50e9f9,2
w_46a38a6,1
w_f353d20,3
w_0d77f32,1
w_0a8d318,3
w_7d5a3b0,2
w_790fe92,1
w_62e5aa0,2
w_6172f4a,1
w_4f62735,1
w_7d55653,1
w_d8fb98d,2
w_925332d,1
w_dadc1a5,1
w_1286f9e,1
w_d869993,1
w_ce8aa12,1
w_deedca6,2
w_39f3e3a,1
w_32b01d7,3
w_2d1592c,2
w_fa84489,1
w_773a8fd,2
w_627187b,2
w_7ea6bf2,1
w_e7699fa,1
w_45e98c0,1
w_dcefb3f,2
w_c1acf72,1
w_4f44a61,1
w_303a3c4,1
w_a84be0c,1
w_c959cae,3
w_c097a16,1
w_a69ac05,1
w_f87bc93,1
w_04738c8,1
w_52464e6,2
w_b51e6f6,1
w_124a3cb,1
w_d4c24e6,3
w_3a2686e,2
w_118fad5,1
w_40be8d6,2
w_f5e6213,3
w_030c8b0,2
w_b74c24a,1
w_4b815d3,1
w_02d5c46,1
w_eee296c,2
w_3499014,2
w_8675aac,3
w_b2341d4,1
w_aae547d,1
w_e101093,1
w_048bc73,1
w_4f14413,1
w_e1c9a18,2
w_09c8a69,2
w_6da5a82,1
w_1f7e291,1
w_bf2ee79,1
w_68aa903,2
w_704a8a1,1
w_fe94155,2
w_6ab76e6,1
w_ebddbfb,1
w_944ac4f,1
w_ce59977,1
w_0f86e70,1
w_20930e7,1
w_3635d34,1
w_d6666c9,1
w_2f2c0d6,1
w_84343d7,1
w_e22b55f,2
w_b17471a,2
w_8103832,3
w_702f2a0,1
w_c5afe0e,1
w_da8166c,2
w_94dcd2b,1
w_9ce3725,1
w_9164e9a,1
w_6f62459,1
w_e34ff4a,2
w_ff3efba,1
w_9786485,1
w_82e5785,1
w_d64a9fa,1
w_927dcdc,1
w_587753f,2
w_ad072b0,4
w_bbf0c38,1
w_002c810,1
w_573d141,1
w_c650bde,1
w_09de1a5,2
w_0e7aae1,2
w_bfb6262,1
w_755fc10,1
w_6943d6f,1
w_1f85037,2
w_35b5c5d,1
w_f636f80,2
w_16a13bb,1
w_b9373bc,2
w_54ea24d,1
w_06fb64a,1
w_0c76541,2
w_e1b8378,1
w_e244fc3,1
w_06e6d5f,1
w_ab643d1,1
w_371d32d,2
w_3f5eda7,1
w_2a98962,2
w_d609d41,1
w_2fe1c3f,2
w_cf8ce56,4
w_675d7d7,1
w_1fc42e2,1
w_aae50c8,1
w_06de0a6,1
w_04f5a19,2
w_adcaf2a,1
w_0bfc890,2
w_8dc893c,1
w_b0ffd3b,1
w_358c519,2
w_3f6f934,1
w_cfdd1c0,1
w_46ccc6f,2
w_adb1dff,2
w_c4ebf9e,1
w_775504f,1
w_1d6a9f7,1
w_6e0e2ae,1
w_cdb8e7f,1
w_385330e,2
w_f4d8d01,1
w_62db660,1
w_ef74616,1
w_90df70c,1
w_4953900,1
w_c9fc1f5,2
w_0f8ab07,1
w_dd08014,2
w_115e880,1
w_922e139,1
w_0e9f07a,4
w_efc261b,1
w_5801869,1
w_e53ba4a,1
w_424b5fd,1
w_2c0f96c,1
w_d15dd0b,3
w_a6125c4,1
w_3ff6d0e,1
w_3d1f606,1
w_086f404,1
w_dc97eed,1
w_8fad4d2,2
w_dcbdd01,2
w_a404c77,1
w_8ea0c7d,1
w_5f39ad8,1
w_07019f4,1
w_ae1634e,1
w_dfdfeeb,1
w_b48ce14,2
w_64062df,1
w_f812227,1
w_9af8493,1
w_8092ea7,1
w_2843a30,1
w_84dadae,3
w_b1ea71c,1
w_5365497,1
w_5910d78,1
w_90e9447,1
w_bec9c95,2
w_2330989,1
w_5f6f211,1
w_bfae26b,2
w_f24a2de,1
w_1e3b8e8,1
w_b39aff5,2
w_3476b19,1
w_06292cd,1
w_f353d69,1
w_491e1d4,2
w_a44a9b2,1
w_e39f7d5,1
w_871decc,1
w_6e305f5,1
w_01d790e,1
w_ded2682,1
w_6fa469c,1
w_6dce358,1
w_a63cd8d,2
w_27aa28c,1
w_d907b6c,3
w_919f33b,1
w_3d72a96,1
w_c9fbac4,1
w_2623b69,1
w_2ed1e39,1
w_cc86d58,1
w_445a265,2
w_b200738,1
w_7dd1222,1
w_cff7fde,1
w_db602dc,1
w_2d1d67a,3
w_082f603,1
w_ed2b6f5,1
w_2c1a562,2
w_076bb5a,2
w_41d5251,1
w_75df747,1
w_78cfcbf,1
w_bd73f1d,1
w_aeabde9,2
w_6f3a3ec,2
w_62c76f3,2
w_7085ad6,1
w_082978e,1
w_6b90e54,1
w_a60f405,1
w_9664ca8,1
w_9852689,1
w_81c7c90,1
w_4e902c2,1
w_05eb863,1
w_c6c60c8,2
w_c178056,2
w_b012783,1
w_4e40657,2
w_1f8c439,1
w_3e5a926,1
w_4d96d06,1
w_67e9aa8,1
w_7342df0,2
w_bc2369c,1
w_a415092,1
w_683af30,1
w_4370f94,1
w_11ce746,1
w_f784bac,1
w_b78835b,1
w_3518604,1
w_9be951c,2
w_d18083c,1
w_fae5d67,1
w_6e77fd0,1
w_fbdddd6,2
w_529b41b,1
w_2592960,1
w_8b23e5f,2
w_6c886f0,3
w_938701c,2
w_af493e1,1
w_3514a84,1
w_401f5a1,1
w_ed009d3,3
w_a8ebc69,1
w_3f567ce,1
w_dd4cd65,1
w_6c4a986,1
w_8e174c4,1
w_1f78a1e,1
w_6e76427,3
w_06376db,2
w_06f3291,1
w_6d8519e,1
w_e01be7a,1
w_ea91c50,3
w_dd79a10,2
w_cafaa6f,1
w_fee1e3e,1
w_28d57ec,2
w_f5baf10,2
w_57733e3,1
w_57bc12e,2
w_52cd115,2
w_6b28b1c,1
w_d3e3b56,1
w_2a2bcf1,2
w_be235cb,2
w_2409871,1
w_dccbb2e,1
w_79b8562,2
w_310a26b,1
w_eeea781,2
w_e2c24d2,2
w_357617e,1
w_2de1c5c,1
w_b5f7e89,2
w_c1c5512,1
w_7c9f76d,2
w_ab2f0eb,3
w_8284c0b,3
w_0140c92,1
w_7781e53,1
w_651236e,1
w_be2ce29,2
w_9ac40d5,1
w_d1e0f06,2
w_55782b0,1
w_ce66f9a,1
w_bbe79c3,1
w_bfd6858,1
w_c61a67b,2
w_9a77724,2
w_84df97b,1
w_24b2561,1
w_f546938,2
w_a67b4e6,1
w_523fb3a,1
w_a4d8d43,1
w_d108da5,1
w_8d8d839,1
w_4e01dd9,1
w_1efb6fa,1
w_b8b8383,1
w_8e5d8ff,2
w_074a5ba,1
w_4797776,1
w_7f5f3b8,2
w_243b654,2
w_197979e,1
w_36fdacd,1
w_9d59121,1
w_b54f70f,5
w_56d8530,1
w_3d7dbf1,1
w_2136d08,1
w_a1756d9,1
w_030ac9b,2
w_ab8af2b,1
w_3b50da5,1
w_abfdd10,3
w_aec2b6d,1
w_1faf1e4,1
w_69efdbe,1
w_d945006,2
w_aee06ab,1
w_38e4345,1
w_ed2e7d6,1
w_103aca2,1
w_ae09e99,1
w_e038ff1,1
w_15f43ea,1
w_52b60a6,3
w_283ceeb,1
w_48a6027,2
w_38fc953,1
w_4bd850b,1
w_cbeade6,1
w_c554b6f,1
w_dec3c84,1
w_ab629bb,2
w_d055e5f,1
w_dd18ea8,1
w_0c76e03,1
w_037b23f,1
w_d0ce152,1
w_0fb38fe,1
w_2d5dc31,1
w_5c4c166,1
w_0d93517,1
w_bc1519b,1
w_d2facb4,1
w_43fc74c,2
w_4669e6a,2
w_9407749,1
w_d98ba44,1
w_2362d7f,1
w_d8d0dd9,2
w_d593be8,1
w_82d50c5,1
w_b7c9e1e,2
w_988e8ec,1
w_4ede58b,1
w_621575d,1
w_9eb6492,1
w_86220e0,1
w_82ba482,1
w_a689d7a,1
w_5be4e45,2
w_974c37d,1
w_ac608c7,1
w_ac90846,2
w_c2524c4,1
w_c371f0d,2
w_b4db669,1
w_99c484f,1
w_a023497,1
w_5d2dac8,1
w_bdf0447,1
w_8cafcf5,1
w_d4fc12d,1
w_2ae40f9,1
w_465e27a,1
w_da577dd,2
w_e1c796a,1
w_6dfc3f1,1
w_71670b3,1
w_60a2820,1
w_a074110,1
w_583aba1,2
w_57546d7,1
w_ac6aee2,1
w_50e2184,2
w_262ec5b,1
w_740c748,1
w_82fac51,1
w_f3addb7,1
w_aa5d5e3,1
w_2495755,1
w_d13848b,1
w_db0027e,1
w_bbdfec9,1
w_e5d087b,1
w_e63ea91,1
w_c562266,1
w_b07ec5d,1
w_ae924d9,1
w_a3d86da,1
w_c5b80f9,1
w_1b4b202,1
w_ffcf5fe,1
w_24c6ff8,2
w_a94396f,2
w_fb0c41f,1
w_210b625,1
w_b02f567,1
w_637c73b,1
w_5585ecf,3
w_2e4b740,1
w_854c18e,1
w_54c535e,1
w_5c3f03f,1
w_b4a7cd2,1
w_e76dcfe,1
w_5cf0e37,1
w_ef00141,1
w_ebdad2e,1
w_6fe3dac,1
w_6b41a2c,1
w_06313c8,1
w_68b59dd,2
w_996dca0,1
w_cb50f6e,2
w_248381e,1
w_5c85850,1
w_01976db,1
w_b57a7be,1
w_d217ab7,1
w_7f4e251,1
w_548a268,1
w_986cf31,2
w_95b6fde,1
w_2ef6741,1
w_82e7319,2
w_f70465f,1
w_fa955f1,1
w_c1b90d1,1
w_f7683f6,1
w_83d1ab6,1
w_fa478eb,1
w_b9cfccb,1
w_4024b54,1
w_c5a7b38,1
w_7091e67,2
w_d23bd09,1
w_8b647d4,1
w_0f84e7c,1
w_84308d6,3
w_362ebae,1
w_dee8b12,1
w_c7951e0,1
w_a4d7e8f,2
w_92cb6d9,2
w_c1e1867,1
w_d68cf7c,1
w_5c4f274,1
w_44803e4,1
w_0470377,1
w_84dc8cd,2
w_3132fce,1
w_515bd01,1
w_4b66b5f,2
w_8ace2d9,1
w_08eadf6,1
w_3e34e14,1
w_4b609e1,2
w_0c23936,1
w_e732406,1
w_0dd4a5d,1
w_f2b4c34,1
w_bad166a,1
w_3c880c2,2
w_d7998d1,2
w_66e8565,1
w_b72cdc1,2
w_5c2dc82,1
w_719ee7e,1
w_24076b5,1
w_881fca8,1
w_1ebcda9,2
w_7d02551,1
w_f4a7ad7,1
w_c6d4cb6,1
w_16fa149,1
w_0e325b0,1
w_64055b4,3
w_70a2a2f,1
w_e9605ca,1
w_f382f59,1
w_9541441,1
w_e486063,1
w_cfe7928,1
w_d1836e5,1
w_68ae353,1
w_99c4cce,1
w_6b3b848,1
w_94c3bf0,1
w_b423e9b,1
w_f121f0c,1
w_4ba728f,1
w_52196e1,1
w_6b00c91,1
w_6332313,1
w_4bdd289,1
w_f00c99d,1
w_e9a2c15,1
w_5a696c2,1
w_878f5ba,1
w_358cda3,1
w_9be308e,2
w_da3106e,1
w_d953953,1
w_a65abbf,1
w_92eaff4,1
w_bfecb74,1
w_ff1de02,1
w_4f717ba,1
w_ffe8693,1
w_ecd734e,2
w_73fe099,1
w_85c5adf,2
w_94da1e2,1
w_2f8895a,1
w_ab10c70,1
w_a7ef9a5,1
w_7ec7c3b,2
w_0cdca97,1
w_3b3f3ce,2
w_55ed30b,1
w_c2749eb,1
w_ebea167,2
w_655fe84,1
w_30b577d,1
w_28df1bb,1
w_9b9602c,1
w_ece94e8,1
w_5fedd5f,1
w_ae8bd64,1
w_72fea5e,2
w_e2ef16f,1
w_ab02160,1
w_628d615,1
w_b1abd47,1
w_2fcfc71,3
w_09c59c2,1
w_f06a10d,1
w_1c39fb1,1
w_443afc0,2
w_7c26ef7,1
w_f62bcba,1
w_db88b61,1
w_7b2e5ce,1
w_b2ef717,1
w_d0589c5,1
w_1b6f6dc,1
w_bd488f9,1
w_d8b4a5d,1
w_6fb7fe9,1
w_7e61174,1
w_86726bc,2
w_368f8bc,1
w_677be14,1
w_c5ec693,1
w_a7196c0,2
w_f94fc92,2
w_4eb128b,1
w_efd4d25,1
w_b101c26,1
w_5802b33,1
w_eddd5b4,2
w_55fffeb,1
w_9f9f220,1
w_070036a,1
w_4523384,1
w_fdd5a35,1
w_bb9497e,1
w_05d52d0,1
w_3eabdac,1
w_6cb656d,1
w_81eb375,1
w_d4c30a9,2
w_c88caf7,2
w_0cc0430,2
w_81d807a,1
w_8620eca,1
w_1fb652d,2
w_ac73445,1
w_2f9b02c,1
w_bc9188e,1
w_972e7db,1
w_367fb60,1
w_1d55e83,1
w_ea67beb,1
w_f8b7f05,1
w_8d1a7ba,1
w_8ad8cf1,1
w_f79ebf3,1
w_db4284b,1
w_a3dc2bd,1
w_e3ced4e,1
w_6e6a6ff,1
w_a34d26b,1
w_497efb9,1
w_a5f74b2,1
w_3f8ff7c,1
w_21666ad,1
w_9340ca3,1
w_808d40b,1
w_536beda,1
w_3e89f09,1
w_dfc9865,1
w_45867cd,1
w_9e52d87,1
w_9be2d22,1
w_7395388,1
w_297503e,1
w_3729146,1
w_245ac74,1
w_544128b,1
w_1220336,1
w_fd4376a,1
w_17e8846,1
w_421b9de,1
w_6f61a8a,1
w_879dcef,2
w_450fccf,1
w_0adb403,1
w_5652083,1
w_ec63b66,1
w_e738be6,1
w_65c24c3,1
w_717b048,1
w_94863b7,1
w_585fe5b,1
w_171ca39,1
w_8dda2f6,1
w_692574d,1
w_ecd2318,1
w_ba2bbbb,1
w_21ecbf3,2
w_04c9b23,2
w_e142c82,1
w_eccd505,1
w_73c0495,1
w_86918b8,1
w_dfd0ae8,1
w_1579152,1
w_e5ad760,1
w_068baa8,1
w_effbe89,1
w_e164857,1
w_0b995e5,1
w_c67271f,1
w_da04408,1
w_8eec034,1
w_8e04a78,1
w_6640084,1
w_86b8f3f,1
w_a68bac6,1
w_1ef6c12,1
w_8c6ad69,1
w_59f4653,1
w_989e081,1
w_fa3a41f,1
w_1d2ed91,1
w_d7bfad6,1
w_3bc4a4f,1
w_17ba5e4,1
w_fcc8a87,1
w_c6d75ff,2
w_c68b887,1
w_33eb301,1
w_a9a3878,1
w_84dbd14,1
w_02e8199,1
w_2ac2bac,1
w_b95749b,1
w_344f319,1
w_6579856,1
w_140a9ac,1
w_d3582f2,1
w_89ad73e,1
w_5037cfd,1
w_658f76d,1
w_c9a569d,1
w_01fc429,1
w_298a035,1
w_d05fc81,1
w_0741282,1
w_a046389,1
w_4126cb1,1
w_f854d6b,1
w_5fcd8d4,1
w_97d9f33,1
w_d3b48ef,1
w_f10aaf0,1
w_fdd9086,1
w_1d4e949,1
w_eacf402,1
w_ab41d9b,2
w_02ff6d6,2
w_122eec1,1
w_4b2e47b,1
w_961b5c4,1
w_567d88c,1
w_b67fcb9,1
w_628a326,1
w_41eb3b2,1
w_56fcc39,1
w_060ec6d,1
w_29e5e8e,1
w_14f15a0,1
w_dc9d8ae,1
w_31233f8,1
w_7aa47a8,1
w_e09baaa,1
w_d02f064,1
w_85d9e99,1
w_3bb142c,1
w_cf35076,1
w_da15e00,1
w_96deb8b,1
w_353d249,1
w_eec4e46,1
w_2f3badb,1
w_3ef0017,1
w_afe18e4,1
w_988d0aa,1
w_3ea05d5,1
w_7afb40a,1
w_b82d0eb,1
w_1dff836,1
w_25183b8,1
w_9888ce0,1
w_5089763,1
w_18ca0f1,1
w_4cb61b2,1
w_c5b8268,1
w_540ac0a,1
w_bb443aa,1
w_fc2726b,1
w_11ac036,1
w_ec7242a,1
w_0bdb7a5,1
w_9e6d17e,1
w_36ceee6,1
w_ec4b5d4,1
w_363a5aa,1
w_7e5b9da,1
w_d92b4c4,1
w_d8ae71c,1
w_d576dff,1
w_cd1905a,1
w_53d3f73,1
w_063282e,1
w_32e705d,1
w_f353e6a,1
w_6cb0480,1
w_85b3564,1
w_5dc4f38,1
w_f0ba4a2,1
w_d17d229,1
w_25b2b3d,1
w_9d49420,1
w_29e8496,1
w_c0c4587,1
w_d2d7c5d,1
w_898f02d,1
w_8ef82e2,1
w_6568270,1
w_314bc30,1
w_eae8af4,1
w_3e18700,1
w_1a151e5,1
w_2807565,1
w_17a108a,1
w_9f30885,1
